Id,OpenBarRecordId,InventoryId,QuantityTaken,QuantityAdded
1,1,1,0,50
2,1,2,0,30
3,1,3,0,40
4,1,4,0,40
5,1,5,0,20
6,1,6,0,30
7,1,7,0,10
8,1,8,0,10
9,1,9,0,15
10,1,10,0,15
11,2,1,42,0
12,2,2,23,0
13,2,3,10,0
14,2,4,10,0
15,2,5,8,0
16,2,6,14,0
17,2,7,4,0
18,2,8,9,0
19,2,9,4,0
20,2,10,13,0
21,3,1,4,0
22,3,2,1,0
23,3,3,27,0
24,3,4,29,0
25,3,5,11,0
26,3,6,6,0
27,3,7,2,0
28,3,8,1,0
29,3,9,10,0
30,3,10,1,0
31,4,1,1,0
32,4,2,5,0
33,4,3,2,0
34,4,4,1,0
35,4,5,1,0
36,4,6,5,0
37,4,7,2,0
38,4,8,0,38
39,4,9,1,0
40,4,10,1,0
41,5,1,1,0
42,5,2,1,0
43,5,3,1,0
44,5,4,0,17
45,5,5,0,25
46,5,6,3,0
47,5,7,1,0
48,5,8,26,0
49,5,9,0,34
50,5,10,0,16
51,6,1,1,0
52,6,2,0,39
53,6,3,0,26
54,6,4,7,0
55,6,5,9,0
56,6,6,1,0
57,6,7,1,0
58,6,8,2,0
59,6,9,33,0
60,6,10,14,0
61,7,1,1,0
62,7,2,34,0
63,7,3,17,0
64,7,4,9,0
65,7,5,9,0
66,7,6,1,0
67,7,7,0,35
68,7,8,9,0
69,7,9,1,0
70,7,10,1,0
71,8,1,0,40
72,8,2,2,0
73,8,3,8,0
74,8,4,1,0
75,8,5,2,0
76,8,6,0,5
77,8,7,3,0
78,8,8,1,0
79,8,9,0,9
80,8,10,1,0
81,9,1,35,0
82,9,2,1,0
83,9,3,1,0
84,9,4,0,19
85,9,5,2,0
86,9,6,1,0
87,9,7,6,0
88,9,8,0,7
89,9,9,4,0
90,9,10,0,19
91,10,1,4,0
92,10,2,1,0
93,10,3,0,25
94,10,4,11,0
95,10,5,1,0
96,10,6,1,0
97,10,7,6,0
98,10,8,4,0
99,10,9,3,0
100,10,10,12,0
101,11,1,1,0
102,11,2,1,0
103,11,3,13,0
104,11,4,6,0
105,11,5,1,0
106,11,6,1,0
107,11,7,11,0
108,11,8,1,0
109,11,9,1,0
110,11,10,6,0
111,12,1,0,3
112,12,2,0,44
113,12,3,8,0
114,12,4,1,0
115,12,5,1,0
116,12,6,1,0
117,12,7,3,0
118,12,8,1,0
119,12,9,1,0
120,12,10,1,0
121,13,1,1,0
122,13,2,13,0
123,13,3,1,0
124,13,4,1,0
125,13,5,0,28
126,13,6,1,0
127,13,7,3,0
128,13,8,1,0
129,13,9,0,40
130,13,10,0,34
131,14,1,1,0
132,14,2,9,0
133,14,3,2,0
134,14,4,0,13
135,14,5,2,0
136,14,6,0,30
137,14,7,1,0
138,14,8,0,8
139,14,9,34,0
140,14,10,23,0
141,15,1,1,0
142,15,2,18,0
143,15,3,1,0
144,15,4,3,0
145,15,5,2,0
146,15,6,18,0
147,15,7,1,0
148,15,8,4,0
149,15,9,3,0
150,15,10,9,0
151,16,1,0,31
152,16,2,3,0
153,16,3,0,46
154,16,4,1,0
155,16,5,6,0
156,16,6,2,0
157,16,7,1,0
158,16,8,3,0
159,16,9,2,0
160,16,10,1,0
161,17,1,17,0
162,17,2,1,0
163,17,3,1,0
164,17,4,8,0
165,17,5,1,0
166,17,6,5,0
167,17,7,0,5
168,17,8,1,0
169,17,9,1,0
170,17,10,1,0
171,18,1,3,0
172,18,2,0,45
173,18,3,39,0
174,18,4,1,0
175,18,5,9,0
176,18,6,1,0
177,18,7,1,0
178,18,8,0,33
179,18,9,0,45
180,18,10,0,35
181,19,1,4,0
182,19,2,34,0
183,19,3,2,0
184,19,4,0,32
185,19,5,6,0
186,19,6,2,0
187,19,7,1,0
188,19,8,5,0
189,19,9,34,0
190,19,10,23,0
191,20,1,5,0
192,20,2,3,0
193,20,3,3,0
194,20,4,6,0
195,20,5,1,0
196,20,6,1,0
197,20,7,2,0
198,20,8,22,0
199,20,9,10,0
200,20,10,4,0
201,21,1,1,0
202,21,2,4,0
203,21,3,1,0
204,21,4,12,0
205,21,5,1,0
206,21,6,1,0
207,21,7,1,0
208,21,8,2,0
209,21,9,1,0
210,21,10,7,0
211,22,1,1,0
212,22,2,2,0
213,22,3,0,40
214,22,4,13,0
215,22,5,0,39
216,22,6,0,26
217,22,7,0,32
218,22,8,1,0
219,22,9,0,43
220,22,10,1,0
221,23,1,0,8
222,23,2,1,0
223,23,3,5,0
224,23,4,1,0
225,23,5,31,0
226,23,6,18,0
227,23,7,23,0
228,23,8,1,0
229,23,9,10,0
230,23,10,0,16
231,24,1,2,0
232,24,2,1,0
233,24,3,17,0
234,24,4,0,17
235,24,5,2,0
236,24,6,4,0
237,24,7,5,0
238,24,8,1,0
239,24,9,31,0
240,24,10,2,0
241,25,1,2,0
242,25,2,0,23
243,25,3,10,0
244,25,4,10,0
245,25,5,3,0
246,25,6,3,0
247,25,7,1,0
248,25,8,1,0
249,25,9,1,0
250,25,10,1,0
251,26,1,3,0
252,26,2,4,0
253,26,3,5,0
254,26,4,2,0
255,26,5,2,0
256,26,6,1,0
257,26,7,1,0
258,26,8,0,15
259,26,9,1,0
260,26,10,6,0
261,27,1,1,0
262,27,2,3,0
263,27,3,2,0
264,27,4,3,0
265,27,5,1,0
266,27,6,0,29
267,27,7,1,0
268,27,8,3,0
269,27,9,0,23
270,27,10,1,0
271,28,1,0,37
272,28,2,13,0
273,28,3,1,0
274,28,4,1,0
275,28,5,0,35
276,28,6,13,0
277,28,7,1,0
278,28,8,3,0
279,28,9,13,0
280,28,10,4,0
281,29,1,12,0
282,29,2,2,0
283,29,3,0,49
284,29,4,1,0
285,29,5,4,0
286,29,6,13,0
287,29,7,0,2
288,29,8,8,0
289,29,9,3,0
290,29,10,1,0
291,30,1,2,0
292,30,2,1,0
293,30,3,41,0
294,30,4,0,12
295,30,5,11,0
296,30,6,2,0
297,30,7,1,0
298,30,8,1,0
299,30,9,6,0
300,30,10,1,0
301,31,1,18,0
302,31,2,0,32
303,31,3,7,0
304,31,4,10,0
305,31,5,1,0
306,31,6,1,0
307,31,7,1,0
308,31,8,0,41
309,31,9,1,0
310,31,10,0,6
311,32,1,1,0
312,32,2,21,0
313,32,3,1,0
314,32,4,1,0
315,32,5,16,0
316,32,6,0,21
317,32,7,0,42
318,32,8,26,0
319,32,9,0,16
320,32,10,2,0
321,33,1,1,0
322,33,2,7,0
323,33,3,0,32
324,33,4,1,0
325,33,5,2,0
326,33,6,12,0
327,33,7,31,0
328,33,8,5,0
329,33,9,14,0
330,33,10,2,0
331,34,1,2,0
332,34,2,1,0
333,34,3,3,0
334,34,4,0,30
335,34,5,1,0
336,34,6,4,0
337,34,7,6,0
338,34,8,8,0
339,34,9,1,0
340,34,10,1,0
341,35,1,1,0
342,35,2,2,0
343,35,3,10,0
344,35,4,25,0
345,35,5,0,14
346,35,6,1,0
347,35,7,1,0
348,35,8,1,0
349,35,9,1,0
350,35,10,1,0
351,36,1,0,42
352,36,2,1,0
353,36,3,18,0
354,36,4,2,0
355,36,5,2,0
356,36,6,3,0
357,36,7,3,0
358,36,8,1,0
359,36,9,0,44
360,36,10,0,9
361,37,1,34,0
362,37,2,0,23
363,37,3,1,0
364,37,4,2,0
365,37,5,1,0
366,37,6,1,0
367,37,7,1,0
368,37,8,0,30
369,37,9,29,0
370,37,10,2,0
371,38,1,5,0
372,38,2,16,0
373,38,3,0,36
374,38,4,1,0
375,38,5,6,0
376,38,6,0,1
377,38,7,0,1
378,38,8,16,0
379,38,9,14,0
380,38,10,2,0
381,39,1,1,0
382,39,2,3,0
383,39,3,32,0
384,39,4,0,49
385,39,5,2,0
386,39,6,1,0
387,39,7,1,0
388,39,8,7,0
389,39,9,1,0
390,39,10,2,0
391,40,1,1,0
392,40,2,1,0
393,40,3,3,0
394,40,4,8,0
395,40,5,2,0
396,40,6,0,36
397,40,7,0,0
398,40,8,3,0
399,40,9,0,25
400,40,10,1,0
401,41,1,1,0
402,41,2,1,0
403,41,3,1,0
404,41,4,28,0
405,41,5,1,0
406,41,6,31,0
407,41,7,0,23
408,41,8,2,0
409,41,9,12,0
410,41,10,1,0
411,42,1,0,28
412,42,2,1,0
413,42,3,0,47
414,42,4,4,0
415,42,5,0,40
416,42,6,1,0
417,42,7,7,0
418,42,8,1,0
419,42,9,12,0
420,42,10,1,0
421,43,1,22,0
422,43,2,1,0
423,43,3,7,0
424,43,4,1,0
425,43,5,20,0
426,43,6,1,0
427,43,7,11,0
428,43,8,1,0
429,43,9,1,0
430,43,10,0,28
431,44,1,4,0
432,44,2,0,13
433,44,3,29,0
434,44,4,4,0
435,44,5,9,0
436,44,6,2,0
437,44,7,4,0
438,44,8,0,47
439,44,9,0,49
440,44,10,6,0
441,45,1,1,0
442,45,2,11,0
443,45,3,8,0
444,45,4,1,0
445,45,5,6,0
446,45,6,1,0
447,45,7,1,0
448,45,8,6,0
449,45,9,4,0
450,45,10,10,0
451,46,1,1,0
452,46,2,1,0
453,46,3,1,0
454,46,4,1,0
455,46,5,1,0
456,46,6,0,39
457,46,7,0,43
458,46,8,35,0
459,46,9,41,0
460,46,10,2,0
461,47,1,0,44
462,47,2,1,0
463,47,3,1,0
464,47,4,1,0
465,47,5,3,0
466,47,6,1,0
467,47,7,38,0
468,47,8,1,0
469,47,9,2,0
470,47,10,9,0
471,48,1,39,0
472,48,2,0,3
473,48,3,1,0
474,48,4,1,0
475,48,5,1,0
476,48,6,24,0
477,48,7,2,0
478,48,8,4,0
479,48,9,1,0
480,48,10,1,0
481,49,1,1,0
482,49,2,1,0
483,49,3,0,48
484,49,4,0,8
485,49,5,0,5
486,49,6,2,0
487,49,7,2,0
488,49,8,1,0
489,49,9,1,0
490,49,10,0,20
491,50,1,2,0
492,50,2,1,0
493,50,3,35,0
494,50,4,4,0
495,50,5,1,0
496,50,6,2,0
497,50,7,1,0
498,50,8,0,43
499,50,9,0,0
500,50,10,5,0
501,51,1,1,0
502,51,2,1,0
503,51,3,4,0
504,51,4,3,0
505,51,5,1,0
506,51,6,8,0
507,51,7,0,46
508,51,8,21,0
509,51,9,0,48
510,51,10,3,0
511,52,1,1,0
512,52,2,0,40
513,52,3,4,0
514,52,4,1,0
515,52,5,2,0
516,52,6,1,0
517,52,7,29,0
518,52,8,21,0
519,52,9,12,0
520,52,10,5,0
521,53,1,0,49
522,53,2,25,0
523,53,3,3,0
524,53,4,0,45
525,53,5,1,0
526,53,6,1,0
527,53,7,1,0
528,53,8,1,0
529,53,9,8,0
530,53,10,5,0
531,54,1,8,0
532,54,2,5,0
533,54,3,1,0
534,54,4,29,0
535,54,5,0,34
536,54,6,0,22
537,54,7,12,0
538,54,8,0,45
539,54,9,16,0
540,54,10,1,0
541,55,1,38,0
542,55,2,9,0
543,55,3,1,0
544,55,4,11,0
545,55,5,3,0
546,55,6,7,0
547,55,7,1,0
548,55,8,37,0
549,55,9,6,0
550,55,10,1,0
551,56,1,1,0
552,56,2,1,0
553,56,3,0,17
554,56,4,2,0
555,56,5,30,0
556,56,6,3,0
557,56,7,1,0
558,56,8,1,0
559,56,9,1,0
560,56,10,0,14
561,57,1,1,0
562,57,2,0,15
563,57,3,1,0
564,57,4,2,0
565,57,5,1,0
566,57,6,5,0
567,57,7,1,0
568,57,8,3,0
569,57,9,3,0
570,57,10,1,0
571,58,1,1,0
572,58,2,7,0
573,58,3,2,0
574,58,4,1,0
575,58,5,0,9
576,58,6,5,0
577,58,7,1,0
578,58,8,3,0
579,58,9,1,0
580,58,10,10,0
581,59,1,0,15
582,59,2,7,0
583,59,3,8,0
584,59,4,0,24
585,59,5,3,0
586,59,6,1,0
587,59,7,0,35
588,59,8,1,0
589,59,9,1,0
590,59,10,1,0
591,60,1,11,0
592,60,2,1,0
593,60,3,3,0
594,60,4,1,0
595,60,5,2,0
596,60,6,1,0
597,60,7,25,0
598,60,8,0,31
599,60,9,0,34
600,60,10,1,0
601,61,1,3,0
602,61,2,0,21
603,61,3,2,0
604,61,4,5,0
605,61,5,3,0
606,61,6,0,25
607,61,7,6,0
608,61,8,3,0
609,61,9,29,0
610,61,10,1,0
611,62,1,1,0
612,62,2,8,0
613,62,3,1,0
614,62,4,3,0
615,62,5,1,0
616,62,6,7,0
617,62,7,2,0
618,62,8,7,0
619,62,9,2,0
620,62,10,0,26
621,63,1,0,22
622,63,2,11,0
623,63,3,0,39
624,63,4,2,0
625,63,5,0,48
626,63,6,10,0
627,63,7,1,0
628,63,8,17,0
629,63,9,1,0
630,63,10,14,0
631,64,1,16,0
632,64,2,1,0
633,64,3,30,0
634,64,4,11,0
635,64,5,24,0
636,64,6,5,0
637,64,7,1,0
638,64,8,1,0
639,64,9,1,0
640,64,10,6,0
641,65,1,1,0
642,65,2,1,0
643,65,3,7,0
644,65,4,1,0
645,65,5,16,0
646,65,6,1,0
647,65,7,0,46
648,65,8,1,0
649,65,9,1,0
650,65,10,4,0
651,66,1,3,0
652,66,2,0,9
653,66,3,1,0
654,66,4,1,0
655,66,5,5,0
656,66,6,1,0
657,66,7,17,0
658,66,8,1,0
659,66,9,0,48
660,66,10,1,0
661,67,1,1,0
662,67,2,4,0
663,67,3,1,0
664,67,4,0,1
665,67,5,2,0
666,67,6,1,0
667,67,7,10,0
668,67,8,1,0
669,67,9,18,0
670,67,10,1,0
671,68,1,1,0
672,68,2,1,0
673,68,3,0,32
674,68,4,1,0
675,68,5,1,0
676,68,6,0,42
677,68,7,15,0
678,68,8,0,17
679,68,9,5,0
680,68,10,0,29
681,69,1,0,16
682,69,2,2,0
683,69,3,15,0
684,69,4,0,26
685,69,5,0,34
686,69,6,12,0
687,69,7,1,0
688,69,8,10,0
689,69,9,24,0
690,69,10,11,0
691,70,1,15,0
692,70,2,1,0
693,70,3,13,0
694,70,4,24,0
695,70,5,25,0
696,70,6,10,0
697,70,7,2,0
698,70,8,3,0
699,70,9,1,0
700,70,10,1,0
701,71,1,1,0
702,71,2,1,0
703,71,3,2,0
704,71,4,1,0
705,71,5,2,0
706,71,6,4,0
707,71,7,1,0
708,71,8,2,0
709,71,9,0,23
710,71,10,9,0
711,72,1,0,39
712,72,2,0,36
713,72,3,1,0
714,72,4,1,0
715,72,5,4,0
716,72,6,13,0
717,72,7,0,36
718,72,8,1,0
719,72,9,2,0
720,72,10,3,0
721,73,1,30,0
722,73,2,16,0
723,73,3,1,0
724,73,4,0,36
725,73,5,2,0
726,73,6,2,0
727,73,7,3,0
728,73,8,1,0
729,73,9,9,0
730,73,10,3,0
731,74,1,7,0
732,74,2,2,0
733,74,3,0,7
734,74,4,30,0
735,74,5,1,0
736,74,6,1,0
737,74,7,23,0
738,74,8,0,12
739,74,9,1,0
740,74,10,1,0
741,75,1,1,0
742,75,2,12,0
743,75,3,6,0
744,75,4,2,0
745,75,5,0,15
746,75,6,0,48
747,75,7,8,0
748,75,8,5,0
749,75,9,2,0
750,75,10,1,0
751,76,1,1,0
752,76,2,5,0
753,76,3,1,0
754,76,4,1,0
755,76,5,1,0
756,76,6,37,0
757,76,7,1,0
758,76,8,3,0
759,76,9,1,0
760,76,10,0,5
761,77,1,0,41
762,77,2,1,0
763,77,3,0,32
764,77,4,2,0
765,77,5,6,0
766,77,6,5,0
767,77,7,1,0
768,77,8,3,0
769,77,9,1,0
770,77,10,4,0
771,78,1,35,0
772,78,2,0,9
773,78,3,7,0
774,78,4,1,0
775,78,5,3,0
776,78,6,5,0
777,78,7,0,15
778,78,8,1,0
779,78,9,1,0
780,78,10,1,0
781,79,1,4,0
782,79,2,3,0
783,79,3,24,0
784,79,4,0,26
785,79,5,4,0
786,79,6,1,0
787,79,7,10,0
788,79,8,0,29
789,79,9,3,0
790,79,10,0,38
791,80,1,1,0
792,80,2,1,0
793,80,3,1,0
794,80,4,17,0
795,80,5,1,0
796,80,6,0,43
797,80,7,4,0
798,80,8,27,0
799,80,9,2,0
800,80,10,22,0
801,81,1,1,0
802,81,2,3,0
803,81,3,0,6
804,81,4,1,0
805,81,5,0,25
806,81,6,37,0
807,81,7,1,0
808,81,8,1,0
809,81,9,1,0
810,81,10,14,0
811,82,1,0,9
812,82,2,1,0
813,82,3,5,0
814,82,4,4,0
815,82,5,2,0
816,82,6,1,0
817,82,7,0,14
818,82,8,1,0
819,82,9,0,21
820,82,10,1,0
821,83,1,5,0
822,83,2,1,0
823,83,3,1,0
824,83,4,3,0
825,83,5,21,0
826,83,6,3,0
827,83,7,1,0
828,83,8,0,13
829,83,9,3,0
830,83,10,1,0
831,84,1,3,0
832,84,2,0,3
833,84,3,0,24
834,84,4,1,0
835,84,5,1,0
836,84,6,1,0
837,84,7,12,0
838,84,8,8,0
839,84,9,13,0
840,84,10,0,39
841,85,1,1,0
842,85,2,1,0
843,85,3,17,0
844,85,4,0,18
845,85,5,1,0
846,85,6,1,0
847,85,7,1,0
848,85,8,1,0
849,85,9,2,0
850,85,10,27,0
851,86,1,0,15
852,86,2,1,0
853,86,3,2,0
854,86,4,14,0
855,86,5,0,40
856,86,6,0,32
857,86,7,0,14
858,86,8,3,0
859,86,9,2,0
860,86,10,8,0
861,87,1,9,0
862,87,2,1,0
863,87,3,4,0
864,87,4,1,0
865,87,5,34,0
866,87,6,27,0
867,87,7,3,0
868,87,8,1,0
869,87,9,1,0
870,87,10,3,0
871,88,1,5,0
872,88,2,0,19
873,88,3,1,0
874,88,4,1,0
875,88,5,1,0
876,88,6,1,0
877,88,7,5,0
878,88,8,0,20
879,88,9,0,20
880,88,10,1,0
881,89,1,1,0
882,89,2,11,0
883,89,3,0,33
884,89,4,1,0
885,89,5,3,0
886,89,6,3,0
887,89,7,3,0
888,89,8,8,0
889,89,9,4,0
890,89,10,0,39
891,90,1,0,13
892,90,2,6,0
893,90,3,16,0
894,90,4,1,0
895,90,5,1,0
896,90,6,1,0
897,90,7,2,0
898,90,8,4,0
899,90,9,4,0
900,90,10,7,0
901,91,1,10,0
902,91,2,1,0
903,91,3,7,0
904,91,4,0,4
905,91,5,1,0
906,91,6,0,32
907,91,7,1,0
908,91,8,5,0
909,91,9,4,0
910,91,10,13,0
911,92,1,2,0
912,92,2,1,0
913,92,3,2,0
914,92,4,1,0
915,92,5,0,45
916,92,6,23,0
917,92,7,0,46
918,92,8,1,0
919,92,9,2,0
920,92,10,13,0
921,93,1,1,0
922,93,2,0,27
923,93,3,7,0
924,93,4,1,0
925,93,5,19,0
926,93,6,7,0
927,93,7,29,0
928,93,8,1,0
929,93,9,1,0
930,93,10,1,0
931,94,1,0,45
932,94,2,23,0
933,94,3,1,0
934,94,4,1,0
935,94,5,6,0
936,94,6,1,0
937,94,7,14,0
938,94,8,1,0
939,94,9,2,0
940,94,10,3,0
941,95,1,3,0
942,95,2,2,0
943,95,3,0,38
944,95,4,1,0
945,95,5,12,0
946,95,6,1,0
947,95,7,1,0
948,95,8,0,46
949,95,9,2,0
950,95,10,1,0
951,96,1,27,0
952,96,2,1,0
953,96,3,34,0
954,96,4,0,14
955,96,5,7,0
956,96,6,0,0
957,96,7,1,0
958,96,8,34,0
959,96,9,1,0
960,96,10,1,0
961,97,1,11,0
962,97,2,1,0
963,97,3,1,0
964,97,4,1,0
965,97,5,1,0
966,97,6,0,39
967,97,7,1,0
968,97,8,11,0
969,97,9,0,39
970,97,10,0,21
971,98,1,2,0
972,98,2,0,16
973,98,3,2,0
974,98,4,2,0
975,98,5,0,17
976,98,6,4,0
977,98,7,0,24
978,98,8,1,0
979,98,9,21,0
980,98,10,15,0
981,99,1,1,0
982,99,2,7,0
983,99,3,1,0
984,99,4,10,0
985,99,5,3,0
986,99,6,14,0
987,99,7,16,0
988,99,8,0,16
989,99,9,14,0
990,99,10,5,0
991,100,1,1,0
992,100,2,7,0
993,100,3,0,32
994,100,4,1,0
995,100,5,10,0
996,100,6,6,0
997,100,7,2,0
998,100,8,8,0
999,100,9,1,0
1000,100,10,1,0
1001,101,1,0,32
1002,101,2,1,0
1003,101,3,27,0
1004,101,4,0,45
1005,101,5,1,0
1006,101,6,1,0
1007,101,7,2,0
1008,101,8,4,0
1009,101,9,2,0
1010,101,10,0,24
1011,102,1,8,0
1012,102,2,1,0
1013,102,3,4,0
1014,102,4,17,0
1015,102,5,2,0
1016,102,6,1,0
1017,102,7,2,0
1018,102,8,3,0
1019,102,9,1,0
1020,102,10,13,0
1021,103,1,20,0
1022,103,2,0,42
1023,103,3,1,0
1024,103,4,16,0
1025,103,5,1,0
1026,103,6,6,0
1027,103,7,1,0
1028,103,8,1,0
1029,103,9,0,6
1030,103,10,8,0
1031,104,1,2,0
1032,104,2,30,0
1033,104,3,0,46
1034,104,4,8,0
1035,104,5,0,41
1036,104,6,6,0
1037,104,7,1,0
1038,104,8,0,34
1039,104,9,3,0
1040,104,10,2,0
1041,105,1,1,0
1042,105,2,10,0
1043,105,3,19,0
1044,105,4,1,0
1045,105,5,18,0
1046,105,6,1,0
1047,105,7,0,31
1048,105,8,1,0
1049,105,9,2,0
1050,105,10,1,0
1051,106,1,1,0
1052,106,2,1,0
1053,106,3,18,0
1054,106,4,1,0
1055,106,5,10,0
1056,106,6,0,26
1057,106,7,28,0
1058,106,8,1,0
1059,106,9,1,0
1060,106,10,0,16
1061,107,1,0,18
1062,107,2,1,0
1063,107,3,1,0
1064,107,4,1,0
1065,107,5,7,0
1066,107,6,7,0
1067,107,7,1,0
1068,107,8,30,0
1069,107,9,0,13
1070,107,10,9,0
1071,108,1,9,0
1072,108,2,0,18
1073,108,3,2,0
1074,108,4,1,0
1075,108,5,2,0
1076,108,6,13,0
1077,108,7,1,0
1078,108,8,1,0
1079,108,9,11,0
1080,108,10,1,0
1081,109,1,5,0
1082,109,2,3,0
1083,109,3,3,0
1084,109,4,0,21
1085,109,5,3,0
1086,109,6,3,0
1087,109,7,1,0
1088,109,8,1,0
1089,109,9,1,0
1090,109,10,1,0
1091,110,1,3,0
1092,110,2,14,0
1093,110,3,2,0
1094,110,4,20,0
1095,110,5,1,0
1096,110,6,1,0
1097,110,7,0,25
1098,110,8,0,27
1099,110,9,1,0
1100,110,10,4,0
1101,111,1,1,0
1102,111,2,1,0
1103,111,3,1,0
1104,111,4,1,0
1105,111,5,0,34
1106,111,6,1,0
1107,111,7,12,0
1108,111,8,26,0
1109,111,9,0,27
1110,111,10,1,0
1111,112,1,0,3
1112,112,2,0,4
1113,112,3,0,44
1114,112,4,0,10
1115,112,5,17,0
1116,112,6,1,0
1117,112,7,6,0
1118,112,8,1,0
1119,112,9,13,0
1120,112,10,0,40
1121,113,1,1,0
1122,113,2,2,0
1123,113,3,28,0
1124,113,4,9,0
1125,113,5,10,0
1126,113,6,0,10
1127,113,7,2,0
1128,113,8,0,44
1129,113,9,13,0
1130,113,10,32,0
1131,114,1,1,0
1132,114,2,1,0
1133,114,3,2,0
1134,114,4,1,0
1135,114,5,4,0
1136,114,6,8,0
1137,114,7,2,0
1138,114,8,18,0
1139,114,9,1,0
1140,114,10,4,0
1141,115,1,1,0
1142,115,2,1,0
1143,115,3,9,0
1144,115,4,0,14
1145,115,5,2,0
1146,115,6,1,0
1147,115,7,2,0
1148,115,8,9,0
1149,115,9,0,9
1150,115,10,3,0
1151,116,1,0,28
1152,116,2,0,41
1153,116,3,4,0
1154,116,4,2,0
1155,116,5,1,0
1156,116,6,1,0
1157,116,7,1,0
1158,116,8,4,0
1159,116,9,1,0
1160,116,10,1,0
1161,117,1,13,0
1162,117,2,13,0
1163,117,3,1,0
1164,117,4,6,0
1165,117,5,0,13
1166,117,6,0,21
1167,117,7,0,36
1168,117,8,12,0
1169,117,9,3,0
1170,117,10,0,17
1171,118,1,5,0
1172,118,2,21,0
1173,118,3,0,32
1174,118,4,4,0
1175,118,5,10,0
1176,118,6,8,0
1177,118,7,17,0
1178,118,8,1,0
1179,118,9,1,0
1180,118,10,15,0
1181,119,1,1,0
1182,119,2,5,0
1183,119,3,14,0
1184,119,4,1,0
1185,119,5,2,0
1186,119,6,10,0
1187,119,7,5,0
1188,119,8,0,34
1189,119,9,3,0
1190,119,10,1,0
1191,120,1,1,0
1192,120,2,1,0
1193,120,3,2,0
1194,120,4,1,0
1195,120,5,1,0
1196,120,6,1,0
1197,120,7,7,0
1198,120,8,29,0
1199,120,9,1,0
1200,120,10,1,0
1201,121,1,3,0
1202,121,2,1,0
1203,121,3,12,0
1204,121,4,0,28
1205,121,5,0,21
1206,121,6,1,0
1207,121,7,6,0
1208,121,8,4,0
1209,121,9,0,1
1210,121,10,0,40
1211,122,1,4,0
1212,122,2,0,7
1213,122,3,3,0
1214,122,4,24,0
1215,122,5,17,0
1216,122,6,1,0
1217,122,7,1,0
1218,122,8,1,0
1219,122,9,1,0
1220,122,10,8,0
1221,123,1,1,0
1222,123,2,5,0
1223,123,3,1,0
1224,123,4,1,0
1225,123,5,3,0
1226,123,6,0,4
1227,123,7,0,21
1228,123,8,0,19
1229,123,9,0,28
1230,123,10,13,0
1231,124,1,0,30
1232,124,2,1,0
1233,124,3,0,2
1234,124,4,2,0
1235,124,5,1,0
1236,124,6,1,0
1237,124,7,14,0
1238,124,8,11,0
1239,124,9,27,0
1240,124,10,3,0
1241,125,1,18,0
1242,125,2,1,0
1243,125,3,1,0
1244,125,4,1,0
1245,125,5,0,31
1246,125,6,2,0
1247,125,7,5,0
1248,125,8,7,0
1249,125,9,1,0
1250,125,10,1,0
1251,126,1,3,0
1252,126,2,0,18
1253,126,3,1,0
1254,126,4,0,13
1255,126,5,25,0
1256,126,6,1,0
1257,126,7,1,0
1258,126,8,1,0
1259,126,9,0,15
1260,126,10,1,0
1261,127,1,7,0
1262,127,2,5,0
1263,127,3,0,2
1264,127,4,5,0
1265,127,5,5,0
1266,127,6,0,12
1267,127,7,1,0
1268,127,8,0,44
1269,127,9,5,0
1270,127,10,5,0
1271,128,1,1,0
1272,128,2,9,0
1273,128,3,1,0
1274,128,4,6,0
1275,128,5,1,0
1276,128,6,6,0
1277,128,7,0,4
1278,128,8,25,0
1279,128,9,4,0
1280,128,10,1,0
1281,129,1,1,0
1282,129,2,1,0
1283,129,3,1,0
1284,129,4,1,0
1285,129,5,0,43
1286,129,6,5,0
1287,129,7,3,0
1288,129,8,10,0
1289,129,9,4,0
1290,129,10,5,0
1291,130,1,0,15
1292,130,2,1,0
1293,130,3,0,0
1294,130,4,1,0
1295,130,5,3,0
1296,130,6,1,0
1297,130,7,1,0
1298,130,8,7,0
1299,130,9,1,0
1300,130,10,1,0
1301,131,1,9,0
1302,131,2,1,0
1303,131,3,0,16
1304,131,4,0,15
1305,131,5,9,0
1306,131,6,0,12
1307,131,7,0,25
1308,131,8,1,0
1309,131,9,1,0
1310,131,10,1,0
1311,132,1,5,0
1312,132,2,1,0
1313,132,3,10,0
1314,132,4,1,0
1315,132,5,21,0
1316,132,6,4,0
1317,132,7,19,0
1318,132,8,1,0
1319,132,9,0,9
1320,132,10,1,0
1321,133,1,1,0
1322,133,2,0,1
1323,133,3,5,0
1324,133,4,6,0
1325,133,5,7,0
1326,133,6,1,0
1327,133,7,3,0
1328,133,8,0,34
1329,133,9,5,0
1330,133,10,0,46
1331,134,1,0,20
1332,134,2,1,0
1333,134,3,1,0
1334,134,4,7,0
1335,134,5,1,0
1336,134,6,2,0
1337,134,7,2,0
1338,134,8,21,0
1339,134,9,3,0
1340,134,10,16,0
1341,135,1,4,0
1342,135,2,0,12
1343,135,3,0,26
1344,135,4,1,0
1345,135,5,1,0
1346,135,6,1,0
1347,135,7,1,0
1348,135,8,9,0
1349,135,9,1,0
1350,135,10,15,0
1351,136,1,1,0
1352,136,2,11,0
1353,136,3,8,0
1354,136,4,0,37
1355,136,5,1,0
1356,136,6,1,0
1357,136,7,0,18
1358,136,8,2,0
1359,136,9,0,13
1360,136,10,12,0
1361,137,1,8,0
1362,137,2,1,0
1363,137,3,8,0
1364,137,4,18,0
1365,137,5,0,18
1366,137,6,2,0
1367,137,7,16,0
1368,137,8,1,0
1369,137,9,7,0
1370,137,10,1,0
1371,138,1,3,0
1372,138,2,0,43
1373,138,3,5,0
1374,138,4,11,0
1375,138,5,4,0
1376,138,6,1,0
1377,138,7,1,0
1378,138,8,1,0
1379,138,9,4,0
1380,138,10,1,0
1381,139,1,2,0
1382,139,2,18,0
1383,139,3,4,0
1384,139,4,6,0
1385,139,5,9,0
1386,139,6,0,7
1387,139,7,1,0
1388,139,8,0,29
1389,139,9,1,0
1390,139,10,1,0
1391,140,1,1,0
1392,140,2,18,0
1393,140,3,1,0
1394,140,4,1,0
1395,140,5,3,0
1396,140,6,3,0
1397,140,7,0,26
1398,140,8,22,0
1399,140,9,1,0
1400,140,10,0,20
1401,141,1,1,0
1402,141,2,4,0
1403,141,3,0,45
1404,141,4,1,0
1405,141,5,1,0
1406,141,6,3,0
1407,141,7,6,0
1408,141,8,3,0
1409,141,9,0,13
1410,141,10,11,0
1411,142,1,0,38
1412,142,2,2,0
1413,142,3,29,0
1414,142,4,0,38
1415,142,5,1,0
1416,142,6,1,0
1417,142,7,10,0
1418,142,8,2,0
1419,142,9,8,0
1420,142,10,8,0
1421,143,1,37,0
1422,143,2,1,0
1423,143,3,14,0
1424,143,4,25,0
1425,143,5,0,16
1426,143,6,0,19
1427,143,7,5,0
1428,143,8,1,0
1429,143,9,4,0
1430,143,10,1,0
1431,144,1,1,0
1432,144,2,0,8
1433,144,3,1,0
1434,144,4,1,0
1435,144,5,14,0
1436,144,6,12,0
1437,144,7,1,0
1438,144,8,1,0
1439,144,9,1,0
1440,144,10,0,22
1441,145,1,0,33
1442,145,2,5,0
1443,145,3,1,0
1444,145,4,4,0
1445,145,5,1,0
1446,145,6,4,0
1447,145,7,3,0
1448,145,8,0,1
1449,145,9,0,20
1450,145,10,9,0
1451,146,1,19,0
1452,146,2,2,0
1453,146,3,0,46
1454,146,4,4,0
1455,146,5,1,0
1456,146,6,2,0
1457,146,7,1,0
1458,146,8,1,0
1459,146,9,12,0
1460,146,10,3,0
1461,147,1,2,0
1462,147,2,1,0
1463,147,3,19,0
1464,147,4,2,0
1465,147,5,0,17
1466,147,6,1,0
1467,147,7,0,2
1468,147,8,0,16
1469,147,9,5,0
1470,147,10,1,0
1471,148,1,4,0
1472,148,2,0,47
1473,148,3,14,0
1474,148,4,1,0
1475,148,5,1,0
1476,148,6,0,0
1477,148,7,1,0
1478,148,8,6,0
1479,148,9,2,0
1480,148,10,4,0
1481,149,1,3,0
1482,149,2,11,0
1483,149,3,11,0
1484,149,4,1,0
1485,149,5,11,0
1486,149,6,0,40
1487,149,7,1,0
1488,149,8,7,0
1489,149,9,1,0
1490,149,10,4,0
1491,150,1,4,0
1492,150,2,35,0
1493,150,3,1,0
1494,150,4,0,8
1495,150,5,1,0
1496,150,6,2,0
1497,150,7,0,0
1498,150,8,1,0
1499,150,9,0,34
1500,150,10,1,0
1501,151,1,1,0
1502,151,2,1,0
1503,151,3,1,0
1504,151,4,1,0
1505,151,5,3,0
1506,151,6,14,0
1507,151,7,0,2
1508,151,8,1,0
1509,151,9,6,0
1510,151,10,0,43
1511,152,1,0,37
1512,152,2,0,42
1513,152,3,0,43
1514,152,4,6,0
1515,152,5,1,0
1516,152,6,14,0
1517,152,7,1,0
1518,152,8,1,0
1519,152,9,13,0
1520,152,10,11,0
1521,153,1,4,0
1522,153,2,5,0
1523,153,3,18,0
1524,153,4,1,0
1525,153,5,0,45
1526,153,6,1,0
1527,153,7,1,0
1528,153,8,0,3
1529,153,9,8,0
1530,153,10,22,0
1531,154,1,23,0
1532,154,2,4,0
1533,154,3,10,0
1534,154,4,0,29
1535,154,5,42,0
1536,154,6,7,0
1537,154,7,0,39
1538,154,8,2,0
1539,154,9,6,0
1540,154,10,1,0
1541,155,1,5,0
1542,155,2,30,0
1543,155,3,4,0
1544,155,4,14,0
1545,155,5,2,0
1546,155,6,1,0
1547,155,7,33,0
1548,155,8,1,0
1549,155,9,1,0
1550,155,10,2,0
1551,156,1,3,0
1552,156,2,2,0
1553,156,3,7,0
1554,156,4,3,0
1555,156,5,1,0
1556,156,6,1,0
1557,156,7,3,0
1558,156,8,0,20
1559,156,9,0,43
1560,156,10,3,0
1561,157,1,1,0
1562,157,2,1,0
1563,157,3,1,0
1564,157,4,3,0
1565,157,5,0,43
1566,157,6,0,17
1567,157,7,1,0
1568,157,8,1,0
1569,157,9,27,0
1570,157,10,2,0
1571,158,1,1,0
1572,158,2,0,17
1573,158,3,2,0
1574,158,4,1,0
1575,158,5,21,0
1576,158,6,15,0
1577,158,7,1,0
1578,158,8,13,0
1579,158,9,5,0
1580,158,10,1,0
1581,159,1,0,47
1582,159,2,11,0
1583,159,3,1,0
1584,159,4,1,0
1585,159,5,18,0
1586,159,6,1,0
1587,159,7,1,0
1588,159,8,5,0
1589,159,9,8,0
1590,159,10,1,0
1591,160,1,4,0
1592,160,2,1,0
1593,160,3,0,21
1594,160,4,2,0
1595,160,5,3,0
1596,160,6,1,0
1597,160,7,0,31
1598,160,8,1,0
1599,160,9,1,0
1600,160,10,0,11
1601,161,1,13,0
1602,161,2,3,0
1603,161,3,9,0
1604,161,4,3,0
1605,161,5,1,0
1606,161,6,0,47
1607,161,7,20,0
1608,161,8,0,12
1609,161,9,1,0
1610,161,10,5,0
1611,162,1,29,0
1612,162,2,1,0
1613,162,3,10,0
1614,162,4,1,0
1615,162,5,0,12
1616,162,6,42,0
1617,162,7,10,0
1618,162,8,8,0
1619,162,9,1,0
1620,162,10,5,0
1621,163,1,1,0
1622,163,2,1,0
1623,163,3,1,0
1624,163,4,1,0
1625,163,5,2,0
1626,163,6,1,0
1627,163,7,1,0
1628,163,8,1,0
1629,163,9,0,43
1630,163,10,1,0
1631,164,1,0,0
1632,164,2,0,29
1633,164,3,1,0
1634,164,4,0,40
1635,164,5,3,0
1636,164,6,1,0
1637,164,7,0,49
1638,164,8,2,0
1639,164,9,16,0
1640,164,10,0,31
1641,165,1,0,42
1642,165,2,20,0
1643,165,3,0,13
1644,165,4,1,0
1645,165,5,4,0
1646,165,6,1,0
1647,165,7,1,0
1648,165,8,1,0
1649,165,9,20,0
1650,165,10,24,0
1651,166,1,13,0
1652,166,2,6,0
1653,166,3,5,0
1654,166,4,8,0
1655,166,5,1,0
1656,166,6,1,0
1657,166,7,12,0
1658,166,8,0,28
1659,166,9,2,0
1660,166,10,6,0
1661,167,1,2,0
1662,167,2,1,0
1663,167,3,1,0
1664,167,4,14,0
1665,167,5,1,0
1666,167,6,1,0
1667,167,7,8,0
1668,167,8,20,0
1669,167,9,1,0
1670,167,10,1,0
1671,168,1,17,0
1672,168,2,1,0
1673,168,3,1,0
1674,168,4,3,0
1675,168,5,1,0
1676,168,6,0,44
1677,168,7,12,0
1678,168,8,6,0
1679,168,9,3,0
1680,168,10,0,28
1681,169,1,8,0
1682,169,2,1,0
1683,169,3,2,0
1684,169,4,11,0
1685,169,5,0,5
1686,169,6,3,0
1687,169,7,14,0
1688,169,8,1,0
1689,169,9,1,0
1690,169,10,27,0
1691,170,1,1,0
1692,170,2,0,6
1693,170,3,1,0
1694,170,4,1,0
1695,170,5,2,0
1696,170,6,19,0
1697,170,7,1,0
1698,170,8,1,0
1699,170,9,0,28
1700,170,10,1,0
1701,171,1,1,0
1702,171,2,5,0
1703,171,3,1,0
1704,171,4,1,0
1705,171,5,2,0
1706,171,6,20,0
1707,171,7,1,0
1708,171,8,0,46
1709,171,9,6,0
1710,171,10,0,46
1711,172,1,0,17
1712,172,2,1,0
1713,172,3,1,0
1714,172,4,1,0
1715,172,5,1,0
1716,172,6,1,0
1717,172,7,0,29
1718,172,8,2,0
1719,172,9,2,0
1720,172,10,37,0
1721,173,1,15,0
1722,173,2,0,17
1723,173,3,1,0
1724,173,4,0,45
1725,173,5,0,48
1726,173,6,1,0
1727,173,7,22,0
1728,173,8,28,0
1729,173,9,12,0
1730,173,10,8,0
1731,174,1,1,0
1732,174,2,10,0
1733,174,3,0,45
1734,174,4,15,0
1735,174,5,26,0
1736,174,6,0,29
1737,174,7,4,0
1738,174,8,6,0
1739,174,9,5,0
1740,174,10,1,0
1741,175,1,1,0
1742,175,2,5,0
1743,175,3,5,0
1744,175,4,8,0
1745,175,5,8,0
1746,175,6,4,0
1747,175,7,1,0
1748,175,8,4,0
1749,175,9,1,0
1750,175,10,0,8
1751,176,1,0,29
1752,176,2,1,0
1753,176,3,8,0
1754,176,4,11,0
1755,176,5,13,0
1756,176,6,4,0
1757,176,7,1,0
1758,176,8,5,0
1759,176,9,1,0
1760,176,10,3,0
1761,177,1,25,0
1762,177,2,1,0
1763,177,3,2,0
1764,177,4,10,0
1765,177,5,1,0
1766,177,6,10,0
1767,177,7,1,0
1768,177,8,1,0
1769,177,9,1,0
1770,177,10,4,0
1771,178,1,3,0
1772,178,2,0,48
1773,178,3,4,0
1774,178,4,1,0
1775,178,5,0,5
1776,178,6,10,0
1777,178,7,0,48
1778,178,8,0,24
1779,178,9,0,15
1780,178,10,1,0
1781,179,1,1,0
1782,179,2,7,0
1783,179,3,9,0
1784,179,4,0,7
1785,179,5,1,0
1786,179,6,1,0
1787,179,7,8,0
1788,179,8,4,0
1789,179,9,2,0
1790,179,10,0,6
1791,180,1,0,30
1792,180,2,23,0
1793,180,3,12,0
1794,180,4,1,0
1795,180,5,3,0
1796,180,6,0,36
1797,180,7,16,0
1798,180,8,17,0
1799,180,9,8,0
1800,180,10,4,0
1801,181,1,25,0
1802,181,2,2,0
1803,181,3,3,0
1804,181,4,4,0
1805,181,5,1,0
1806,181,6,13,0
1807,181,7,15,0
1808,181,8,1,0
1809,181,9,1,0
1810,181,10,1,0
1811,182,1,4,0
1812,182,2,15,0
1813,182,3,1,0
1814,182,4,1,0
1815,182,5,0,22
1816,182,6,11,0
1817,182,7,7,0
1818,182,8,1,0
1819,182,9,2,0
1820,182,10,1,0
1821,183,1,1,0
1822,183,2,1,0
1823,183,3,1,0
1824,183,4,1,0
1825,183,5,2,0
1826,183,6,1,0
1827,183,7,1,0
1828,183,8,1,0
1829,183,9,1,0
1830,183,10,0,5
1831,184,1,0,12
1832,184,2,0,40
1833,184,3,0,29
1834,184,4,0,20
1835,184,5,10,0
1836,184,6,3,0
1837,184,7,1,0
1838,184,8,0,13
1839,184,9,1,0
1840,184,10,2,0
1841,185,1,2,0
1842,185,2,35,0
1843,185,3,23,0
1844,185,4,1,0
1845,185,5,9,0
1846,185,6,3,0
1847,185,7,0,2
1848,185,8,12,0
1849,185,9,0,14
1850,185,10,1,0
1851,186,1,6,0
1852,186,2,3,0
1853,186,3,1,0
1854,186,4,6,0
1855,186,5,1,0
1856,186,6,4,0
1857,186,7,1,0
1858,186,8,1,0
1859,186,9,6,0
1860,186,10,1,0
1861,187,1,1,0
1862,187,2,1,0
1863,187,3,4,0
1864,187,4,9,0
1865,187,5,0,12
1866,187,6,1,0
1867,187,7,1,0
1868,187,8,0,27
1869,187,9,6,0
1870,187,10,1,0
1871,188,1,2,0
1872,188,2,1,0
1873,188,3,1,0
1874,188,4,3,0
1875,188,5,8,0
1876,188,6,0,42
1877,188,7,0,26
1878,188,8,8,0
1879,188,9,1,0
1880,188,10,0,19
1881,189,1,1,0
1882,189,2,0,37
1883,189,3,0,13
1884,189,4,1,0
1885,189,5,1,0
1886,189,6,20,0
1887,189,7,12,0
1888,189,8,1,0
1889,189,9,1,0
1890,189,10,5,0
1891,190,1,0,39
1892,190,2,1,0
1893,190,3,7,0
1894,190,4,0,0
1895,190,5,1,0
1896,190,6,7,0
1897,190,7,10,0
1898,190,8,14,0
1899,190,9,0,24
1900,190,10,12,0
1901,191,1,2,0
1902,191,2,8,0
1903,191,3,5,0
1904,191,4,0,6
1905,191,5,1,0
1906,191,6,2,0
1907,191,7,3,0
1908,191,8,3,0
1909,191,9,7,0
1910,191,10,1,0
1911,192,1,7,0
1912,192,2,18,0
1913,192,3,1,0
1914,192,4,4,0
1915,192,5,1,0
1916,192,6,2,0
1917,192,7,1,0
1918,192,8,1,0
1919,192,9,5,0
1920,192,10,1,0
1921,193,1,2,0
1922,193,2,8,0
1923,193,3,0,24
1924,193,4,1,0
1925,193,5,0,41
1926,193,6,6,0
1927,193,7,0,23
1928,193,8,0,7
1929,193,9,5,0
1930,193,10,0,7
1931,194,1,24,0
1932,194,2,1,0
1933,194,3,12,0
1934,194,4,1,0
1935,194,5,4,0
1936,194,6,2,0
1937,194,7,13,0
1938,194,8,6,0
1939,194,9,2,0
1940,194,10,5,0
1941,195,1,2,0
1942,195,2,1,0
1943,195,3,6,0
1944,195,4,0,15
1945,195,5,29,0
1946,195,6,2,0
1947,195,7,8,0
1948,195,8,1,0
1949,195,9,1,0
1950,195,10,1,0
1951,196,1,1,0
1952,196,2,0,16
1953,196,3,2,0
1954,196,4,10,0
1955,196,5,5,0
1956,196,6,1,0
1957,196,7,1,0
1958,196,8,0,19
1959,196,9,1,0
1960,196,10,1,0
1961,197,1,1,0
1962,197,2,6,0
1963,197,3,1,0
1964,197,4,4,0
1965,197,5,1,0
1966,197,6,0,22
1967,197,7,1,0
1968,197,8,16,0
1969,197,9,1,0
1970,197,10,0,3
1971,198,1,0,13
1972,198,2,8,0
1973,198,3,2,0
1974,198,4,1,0
1975,198,5,1,0
1976,198,6,13,0
1977,198,7,0,2
1978,198,8,2,0
1979,198,9,1,0
1980,198,10,2,0
1981,199,1,6,0
1982,199,2,1,0
1983,199,3,1,0
1984,199,4,0,23
1985,199,5,1,0
1986,199,6,3,0
1987,199,7,1,0
1988,199,8,1,0
1989,199,9,1,0
1990,199,10,1,0
1991,200,1,4,0
1992,200,2,1,0
1993,200,3,0,29
1994,200,4,21,0
1995,200,5,0,9
1996,200,6,4,0
1997,200,7,1,0
1998,200,8,0,14
1999,200,9,0,48
2000,200,10,0,3
2001,201,1,2,0
2002,201,2,0,35
2003,201,3,22,0
2004,201,4,1,0
2005,201,5,2,0
2006,201,6,1,0
2007,201,7,0,26
2008,201,8,11,0
2009,201,9,29,0
2010,201,10,2,0
2011,202,1,1,0
2012,202,2,11,0
2013,202,3,6,0
2014,202,4,1,0
2015,202,5,3,0
2016,202,6,1,0
2017,202,7,10,0
2018,202,8,2,0
2019,202,9,15,0
2020,202,10,1,0
2021,203,1,0,12
2022,203,2,2,0
2023,203,3,1,0
2024,203,4,0,15
2025,203,5,1,0
2026,203,6,0,4
2027,203,7,15,0
2028,203,8,1,0
2029,203,9,3,0
2030,203,10,0,40
2031,204,1,8,0
2032,204,2,11,0
2033,204,3,0,32
2034,204,4,13,0
2035,204,5,2,0
2036,204,6,2,0
2037,204,7,1,0
2038,204,8,0,31
2039,204,9,1,0
2040,204,10,24,0
2041,205,1,2,0
2042,205,2,9,0
2043,205,3,21,0
2044,205,4,1,0
2045,205,5,1,0
2046,205,6,1,0
2047,205,7,0,36
2048,205,8,8,0
2049,205,9,0,13
2050,205,10,9,0
2051,206,1,1,0
2052,206,2,1,0
2053,206,3,3,0
2054,206,4,1,0
2055,206,5,0,26
2056,206,6,1,0
2057,206,7,25,0
2058,206,8,5,0
2059,206,9,4,0
2060,206,10,5,0
2061,207,1,1,0
2062,207,2,1,0
2063,207,3,7,0
2064,207,4,0,25
2065,207,5,21,0
2066,207,6,0,44
2067,207,7,4,0
2068,207,8,14,0
2069,207,9,1,0
2070,207,10,1,0
2071,208,1,0,20
2072,208,2,0,23
2073,208,3,1,0
2074,208,4,22,0
2075,208,5,4,0
2076,208,6,7,0
2077,208,7,1,0
2078,208,8,2,0
2079,208,9,1,0
2080,208,10,1,0
2081,209,1,2,0
2082,209,2,10,0
2083,209,3,0,38
2084,209,4,2,0
2085,209,5,1,0
2086,209,6,21,0
2087,209,7,5,0
2088,209,8,1,0
2089,209,9,1,0
2090,209,10,0,6
2091,210,1,9,0
2092,210,2,3,0
2093,210,3,4,0
2094,210,4,1,0
2095,210,5,0,31
2096,210,6,4,0
2097,210,7,1,0
2098,210,8,1,0
2099,210,9,4,0
2100,210,10,4,0
2101,211,1,3,0
2102,211,2,7,0
2103,211,3,32,0
2104,211,4,0,17
2105,211,5,27,0
2106,211,6,5,0
2107,211,7,0,15
2108,211,8,0,3
2109,211,9,1,0
2110,211,10,1,0
2111,212,1,5,0
2112,212,2,2,0
2113,212,3,1,0
2114,212,4,15,0
2115,212,5,2,0
2116,212,6,1,0
2117,212,7,13,0
2118,212,8,2,0
2119,212,9,1,0
2120,212,10,1,0
2121,213,1,1,0
2122,213,2,1,0
2123,213,3,1,0
2124,213,4,1,0
2125,213,5,1,0
2126,213,6,5,0
2127,213,7,1,0
2128,213,8,1,0
2129,213,9,0,49
2130,213,10,0,14
2131,214,1,0,10
2132,214,2,0,0
2133,214,3,0,29
2134,214,4,1,0
2135,214,5,1,0
2136,214,6,1,0
2137,214,7,1,0
2138,214,8,0,7
2139,214,9,34,0
2140,214,10,10,0
2141,215,1,9,0
2142,215,2,0,30
2143,215,3,25,0
2144,215,4,0,33
2145,215,5,0,46
2146,215,6,0,22
2147,215,7,0,7
2148,215,8,6,0
2149,215,9,4,0
2150,215,10,2,0
2151,216,1,1,0
2152,216,2,20,0
2153,216,3,3,0
2154,216,4,17,0
2155,216,5,37,0
2156,216,6,2,0
2157,216,7,6,0
2158,216,8,1,0
2159,216,9,2,0
2160,216,10,1,0
2161,217,1,0,0
2162,217,2,1,0
2163,217,3,1,0
2164,217,4,8,0
2165,217,5,5,0
2166,217,6,12,0
2167,217,7,1,0
2168,217,8,0,20
2169,217,9,1,0
2170,217,10,1,0
2171,218,1,0,26
2172,218,2,4,0
2173,218,3,0,38
2174,218,4,6,0
2175,218,5,3,0
2176,218,6,6,0
2177,218,7,0,38
2178,218,8,10,0
2179,218,9,4,0
2180,218,10,0,8
2181,219,1,13,0
2182,219,2,4,0
2183,219,3,17,0
2184,219,4,1,0
2185,219,5,1,0
2186,219,6,1,0
2187,219,7,37,0
2188,219,8,8,0
2189,219,9,1,0
2190,219,10,2,0
2191,220,1,11,0
2192,220,2,1,0
2193,220,3,14,0
2194,220,4,1,0
2195,220,5,0,24
2196,220,6,1,0
2197,220,7,1,0
2198,220,8,1,0
2199,220,9,2,0
2200,220,10,1,0
2201,221,1,1,0
2202,221,2,0,24
2203,221,3,4,0
2204,221,4,0,48
2205,221,5,13,0
2206,221,6,0,14
2207,221,7,0,30
2208,221,8,1,0
2209,221,9,1,0
2210,221,10,4,0
2211,222,1,1,0
2212,222,2,5,0
2213,222,3,1,0
2214,222,4,35,0
2215,222,5,10,0
2216,222,6,11,0
2217,222,7,10,0
2218,222,8,0,7
2219,222,9,0,13
2220,222,10,1,0
2221,223,1,0,18
2222,223,2,15,0
2223,223,3,1,0
2224,223,4,8,0
2225,223,5,1,0
2226,223,6,1,0
2227,223,7,11,0
2228,223,8,5,0
2229,223,9,1,0
2230,223,10,0,40
2231,224,1,17,0
2232,224,2,2,0
2233,224,3,1,0
2234,224,4,1,0
2235,224,5,0,32
2236,224,6,1,0
2237,224,7,1,0
2238,224,8,1,0
2239,224,9,7,0
2240,224,10,16,0
2241,225,1,1,0
2242,225,2,1,0
2243,225,3,0,49
2244,225,4,3,0
2245,225,5,27,0
2246,225,6,1,0
2247,225,7,3,0
2248,225,8,1,0
2249,225,9,3,0
2250,225,10,9,0
2251,226,1,0,1
2252,226,2,1,0
2253,226,3,26,0
2254,226,4,1,0
2255,226,5,2,0
2256,226,6,0,7
2257,226,7,1,0
2258,226,8,0,31
2259,226,9,1,0
2260,226,10,13,0
2261,227,1,1,0
2262,227,2,0,30
2263,227,3,9,0
2264,227,4,0,22
2265,227,5,2,0
2266,227,6,3,0
2267,227,7,2,0
2268,227,8,29,0
2269,227,9,1,0
2270,227,10,1,0
2271,228,1,0,24
2272,228,2,25,0
2273,228,3,5,0
2274,228,4,13,0
2275,228,5,1,0
2276,228,6,1,0
2277,228,7,1,0
2278,228,8,1,0
2279,228,9,0,25
2280,228,10,1,0
2281,229,1,19,0
2282,229,2,3,0
2283,229,3,8,0
2284,229,4,4,0
2285,229,5,0,24
2286,229,6,2,0
2287,229,7,1,0
2288,229,8,1,0
2289,229,9,11,0
2290,229,10,0,10
2291,230,1,2,0
2292,230,2,1,0
2293,230,3,1,0
2294,230,4,2,0
2295,230,5,15,0
2296,230,6,1,0
2297,230,7,0,16
2298,230,8,0,13
2299,230,9,3,0
2300,230,10,3,0
2301,231,1,2,0
2302,231,2,1,0
2303,231,3,0,30
2304,231,4,1,0
2305,231,5,5,0
2306,231,6,0,45
2307,231,7,8,0
2308,231,8,9,0
2309,231,9,8,0
2310,231,10,1,0
2311,232,1,1,0
2312,232,2,0,48
2313,232,3,25,0
2314,232,4,1,0
2315,232,5,3,0
2316,232,6,29,0
2317,232,7,4,0
2318,232,8,3,0
2319,232,9,2,0
2320,232,10,4,0
2321,233,1,0,23
2322,233,2,25,0
2323,233,3,1,0
2324,233,4,1,0
2325,233,5,1,0
2326,233,6,1,0
2327,233,7,2,0
2328,233,8,1,0
2329,233,9,1,0
2330,233,10,1,0
2331,234,1,11,0
2332,234,2,1,0
2333,234,3,2,0
2334,234,4,0,0
2335,234,5,0,13
2336,234,6,7,0
2337,234,7,1,0
2338,234,8,0,9
2339,234,9,0,26
2340,234,10,1,0
2341,235,1,9,0
2342,235,2,14,0
2343,235,3,1,0
2344,235,4,0,7
2345,235,5,8,0
2346,235,6,1,0
2347,235,7,1,0
2348,235,8,4,0
2349,235,9,9,0
2350,235,10,0,35
2351,236,1,2,0
2352,236,2,3,0
2353,236,3,1,0
2354,236,4,2,0
2355,236,5,2,0
2356,236,6,6,0
2357,236,7,0,29
2358,236,8,1,0
2359,236,9,15,0
2360,236,10,10,0
2361,237,1,1,0
2362,237,2,3,0
2363,237,3,0,36
2364,237,4,4,0
2365,237,5,1,0
2366,237,6,1,0
2367,237,7,8,0
2368,237,8,2,0
2369,237,9,1,0
2370,237,10,2,0
2371,238,1,0,34
2372,238,2,1,0
2373,238,3,33,0
2374,238,4,1,0
2375,238,5,1,0
2376,238,6,0,27
2377,238,7,13,0
2378,238,8,1,0
2379,238,9,1,0
2380,238,10,20,0
2381,239,1,24,0
2382,239,2,1,0
2383,239,3,1,0
2384,239,4,0,33
2385,239,5,1,0
2386,239,6,24,0
2387,239,7,4,0
2388,239,8,1,0
2389,239,9,0,13
2390,239,10,1,0
2391,240,1,6,0
2392,240,2,0,20
2393,240,3,1,0
2394,240,4,32,0
2395,240,5,0,43
2396,240,6,2,0
2397,240,7,2,0
2398,240,8,0,22
2399,240,9,8,0
2400,240,10,1,0
2401,241,1,2,0
2402,241,2,5,0
2403,241,3,1,0
2404,241,4,1,0
2405,241,5,32,0
2406,241,6,1,0
2407,241,7,1,0
2408,241,8,20,0
2409,241,9,2,0
2410,241,10,1,0
2411,242,1,1,0
2412,242,2,8,0
2413,242,3,0,14
2414,242,4,0,36
2415,242,5,3,0
2416,242,6,0,8
2417,242,7,1,0
2418,242,8,1,0
2419,242,9,1,0
2420,242,10,0,4
2421,243,1,1,0
2422,243,2,1,0
2423,243,3,1,0
2424,243,4,14,0
2425,243,5,2,0
2426,243,6,1,0
2427,243,7,0,33
2428,243,8,1,0
2429,243,9,1,0
2430,243,10,2,0
2431,244,1,0,31
2432,244,2,5,0
2433,244,3,11,0
2434,244,4,19,0
2435,244,5,1,0
2436,244,6,2,0
2437,244,7,2,0
2438,244,8,0,38
2439,244,9,1,0
2440,244,10,1,0
2441,245,1,16,0
2442,245,2,1,0
2443,245,3,1,0
2444,245,4,1,0
2445,245,5,4,0
2446,245,6,4,0
2447,245,7,26,0
2448,245,8,2,0
2449,245,9,0,20
2450,245,10,1,0
2451,246,1,6,0
2452,246,2,0,28
2453,246,3,1,0
2454,246,4,1,0
2455,246,5,1,0
2456,246,6,1,0
2457,246,7,4,0
2458,246,8,26,0
2459,246,9,11,0
2460,246,10,0,23
2461,247,1,5,0
2462,247,2,5,0
2463,247,3,0,36
2464,247,4,1,0
2465,247,5,0,37
2466,247,6,0,39
2467,247,7,1,0
2468,247,8,2,0
2469,247,9,4,0
2470,247,10,18,0
2471,248,1,3,0
2472,248,2,6,0
2473,248,3,31,0
2474,248,4,0,1
2475,248,5,11,0
2476,248,6,32,0
2477,248,7,0,18
2478,248,8,3,0
2479,248,9,1,0
2480,248,10,1,0
2481,249,1,1,0
2482,249,2,6,0
2483,249,3,1,0
2484,249,4,1,0
2485,249,5,20,0
2486,249,6,5,0
2487,249,7,10,0
2488,249,8,2,0
2489,249,9,3,0
2490,249,10,2,0
2491,250,1,0,48
2492,250,2,1,0
2493,250,3,3,0
2494,250,4,0,45
2495,250,5,5,0
2496,250,6,1,0
2497,250,7,2,0
2498,250,8,2,0
2499,250,9,1,0
2500,250,10,1,0
2501,251,1,11,0
2502,251,2,4,0
2503,251,3,1,0
2504,251,4,15,0
2505,251,5,1,0
2506,251,6,1,0
2507,251,7,3,0
2508,251,8,1,0
2509,251,9,0,34
2510,251,10,1,0
2511,252,1,23,0
2512,252,2,2,0
2513,252,3,0,12
2514,252,4,5,0
2515,252,5,0,14
2516,252,6,0,47
2517,252,7,2,0
2518,252,8,0,10
2519,252,9,19,0
2520,252,10,0,34
2521,253,1,13,0
2522,253,2,3,0
2523,253,3,11,0
2524,253,4,17,0
2525,253,5,8,0
2526,253,6,23,0
2527,253,7,1,0
2528,253,8,7,0
2529,253,9,12,0
2530,253,10,31,0
2531,254,1,1,0
2532,254,2,1,0
2533,254,3,1,0
2534,254,4,1,0
2535,254,5,3,0
2536,254,6,5,0
2537,254,7,0,37
2538,254,8,1,0
2539,254,9,2,0
2540,254,10,2,0
2541,255,1,0,3
2542,255,2,0,24
2543,255,3,0,20
2544,255,4,6,0
2545,255,5,2,0
2546,255,6,8,0
2547,255,7,20,0
2548,255,8,1,0
2549,255,9,1,0
2550,255,10,1,0
2551,256,1,2,0
2552,256,2,17,0
2553,256,3,14,0
2554,256,4,1,0
2555,256,5,1,0
2556,256,6,3,0
2557,256,7,3,0
2558,256,8,1,0
2559,256,9,0,24
2560,256,10,0,27
2561,257,1,1,0
2562,257,2,3,0
2563,257,3,4,0
2564,257,4,0,23
2565,257,5,0,0
2566,257,6,6,0
2567,257,7,3,0
2568,257,8,0,46
2569,257,9,7,0
2570,257,10,21,0
2571,258,1,0,46
2572,258,2,1,0
2573,258,3,1,0
2574,258,4,15,0
2575,258,5,0,17
2576,258,6,1,0
2577,258,7,10,0
2578,258,8,33,0
2579,258,9,14,0
2580,258,10,5,0
2581,259,1,31,0
2582,259,2,1,0
2583,259,3,1,0
2584,259,4,7,0
2585,259,5,12,0
2586,259,6,1,0
2587,259,7,1,0
2588,259,8,3,0
2589,259,9,1,0
2590,259,10,1,0
2591,260,1,12,0
2592,260,2,1,0
2593,260,3,0,32
2594,260,4,1,0
2595,260,5,4,0
2596,260,6,0,15
2597,260,7,0,27
2598,260,8,6,0
2599,260,9,1,0
2600,260,10,0,26
2601,261,1,2,0
2602,261,2,1,0
2603,261,3,30,0
2604,261,4,0,13
2605,261,5,1,0
2606,261,6,7,0
2607,261,7,5,0
2608,261,8,3,0
2609,261,9,1,0
2610,261,10,4,0
2611,262,1,1,0
2612,262,2,0,7
2613,262,3,1,0
2614,262,4,4,0
2615,262,5,0,29
2616,262,6,1,0
2617,262,7,4,0
2618,262,8,1,0
2619,262,9,0,24
2620,262,10,9,0
2621,263,1,0,44
2622,263,2,5,0
2623,263,3,1,0
2624,263,4,8,0
2625,263,5,21,0
2626,263,6,4,0
2627,263,7,5,0
2628,263,8,0,9
2629,263,9,14,0
2630,263,10,10,0
2631,264,1,18,0
2632,264,2,1,0
2633,264,3,0,37
2634,264,4,1,0
2635,264,5,5,0
2636,264,6,1,0
2637,264,7,12,0
2638,264,8,5,0
2639,264,9,1,0
2640,264,10,2,0
2641,265,1,23,0
2642,265,2,1,0
2643,265,3,8,0
2644,265,4,0,36
2645,265,5,2,0
2646,265,6,1,0
2647,265,7,1,0
2648,265,8,1,0
2649,265,9,8,0
2650,265,10,1,0
2651,266,1,2,0
2652,266,2,0,37
2653,266,3,25,0
2654,266,4,1,0
2655,266,5,1,0
2656,266,6,1,0
2657,266,7,0,27
2658,266,8,2,0
2659,266,9,1,0
2660,266,10,0,33
2661,267,1,1,0
2662,267,2,26,0
2663,267,3,3,0
2664,267,4,23,0
2665,267,5,0,23
2666,267,6,0,33
2667,267,7,4,0
2668,267,8,1,0
2669,267,9,0,20
2670,267,10,8,0
2671,268,1,0,44
2672,268,2,4,0
2673,268,3,1,0
2674,268,4,3,0
2675,268,5,6,0
2676,268,6,3,0
2677,268,7,6,0
2678,268,8,0,25
2679,268,9,18,0
2680,268,10,3,0
2681,269,1,32,0
2682,269,2,6,0
2683,269,3,0,47
2684,269,4,8,0
2685,269,5,10,0
2686,269,6,11,0
2687,269,7,15,0
2688,269,8,12,0
2689,269,9,1,0
2690,269,10,9,0
2691,270,1,3,0
2692,270,2,1,0
2693,270,3,45,0
2694,270,4,1,0
2695,270,5,5,0
2696,270,6,17,0
2697,270,7,1,0
2698,270,8,4,0
2699,270,9,1,0
2700,270,10,11,0
2701,271,1,8,0
2702,271,2,0,14
2703,271,3,1,0
2704,271,4,0,22
2705,271,5,1,0
2706,271,6,1,0
2707,271,7,1,0
2708,271,8,3,0
2709,271,9,0,24
2710,271,10,1,0
2711,272,1,1,0
2712,272,2,10,0
2713,272,3,1,0
2714,272,4,19,0
2715,272,5,1,0
2716,272,6,1,0
2717,272,7,0,23
2718,272,8,4,0
2719,272,9,19,0
2720,272,10,1,0
2721,273,1,0,24
2722,273,2,2,0
2723,273,3,0,16
2724,273,4,2,0
2725,273,5,0,35
2726,273,6,0,31
2727,273,7,3,0
2728,273,8,1,0
2729,273,9,2,0
2730,273,10,0,2
2731,274,1,10,0
2732,274,2,1,0
2733,274,3,4,0
2734,274,4,1,0
2735,274,5,29,0
2736,274,6,5,0
2737,274,7,6,0
2738,274,8,1,0
2739,274,9,1,0
2740,274,10,1,0
2741,275,1,11,0
2742,275,2,1,0
2743,275,3,8,0
2744,275,4,0,3
2745,275,5,4,0
2746,275,6,6,0
2747,275,7,3,0
2748,275,8,0,40
2749,275,9,1,0
2750,275,10,1,0
2751,276,1,1,0
2752,276,2,0,22
2753,276,3,1,0
2754,276,4,2,0
2755,276,5,1,0
2756,276,6,7,0
2757,276,7,7,0
2758,276,8,15,0
2759,276,9,1,0
2760,276,10,0,15
2761,277,1,1,0
2762,277,2,7,0
2763,277,3,2,0
2764,277,4,1,0
2765,277,5,1,0
2766,277,6,7,0
2767,277,7,1,0
2768,277,8,12,0
2769,277,9,0,38
2770,277,10,4,0
2771,278,1,1,0
2772,278,2,14,0
2773,278,3,1,0
2774,278,4,0,20
2775,278,5,0,38
2776,278,6,5,0
2777,278,7,1,0
2778,278,8,12,0
2779,278,9,30,0
2780,278,10,3,0
2781,279,1,0,8
2782,279,2,1,0
2783,279,3,0,12
2784,279,4,7,0
2785,279,5,23,0
2786,279,6,1,0
2787,279,7,1,0
2788,279,8,1,0
2789,279,9,4,0
2790,279,10,2,0
2791,280,1,2,0
2792,280,2,0,32
2793,280,3,6,0
2794,280,4,12,0
2795,280,5,1,0
2796,280,6,0,8
2797,280,7,1,0
2798,280,8,0,12
2799,280,9,2,0
2800,280,10,5,0
2801,281,1,4,0
2802,281,2,14,0
2803,281,3,4,0
2804,281,4,1,0
2805,281,5,3,0
2806,281,6,7,0
2807,281,7,0,14
2808,281,8,6,0
2809,281,9,1,0
2810,281,10,1,0
2811,282,1,1,0
2812,282,2,8,0
2813,282,3,1,0
2814,282,4,0,47
2815,282,5,9,0
2816,282,6,1,0
2817,282,7,11,0
2818,282,8,1,0
2819,282,9,1,0
2820,282,10,0,18
2821,283,1,1,0
2822,283,2,8,0
2823,283,3,1,0
2824,283,4,12,0
2825,283,5,1,0
2826,283,6,0,14
2827,283,7,1,0
2828,283,8,3,0
2829,283,9,0,5
2830,283,10,6,0
2831,284,1,0,23
2832,284,2,1,0
2833,284,3,0,11
2834,284,4,22,0
2835,284,5,1,0
2836,284,6,7,0
2837,284,7,1,0
2838,284,8,1,0
2839,284,9,4,0
2840,284,10,5,0
2841,285,1,3,0
2842,285,2,1,0
2843,285,3,10,0
2844,285,4,4,0
2845,285,5,0,16
2846,285,6,4,0
2847,285,7,1,0
2848,285,8,1,0
2849,285,9,1,0
2850,285,10,2,0
2851,286,1,2,0
2852,286,2,0,38
2853,286,3,1,0
2854,286,4,7,0
2855,286,5,9,0
2856,286,6,2,0
2857,286,7,0,18
2858,286,8,0,12
2859,286,9,0,31
2860,286,10,3,0
2861,287,1,8,0
2862,287,2,13,0
2863,287,3,0,7
2864,287,4,1,0
2865,287,5,1,0
2866,287,6,1,0
2867,287,7,16,0
2868,287,8,5,0
2869,287,9,13,0
2870,287,10,1,0
2871,288,1,3,0
2872,288,2,6,0
2873,288,3,1,0
2874,288,4,1,0
2875,288,5,5,0
2876,288,6,0,17
2877,288,7,1,0
2878,288,8,2,0
2879,288,9,12,0
2880,288,10,1,0
2881,289,1,6,0
2882,289,2,13,0
2883,289,3,4,0
2884,289,4,0,30
2885,289,5,1,0
2886,289,6,7,0
2887,289,7,1,0
2888,289,8,1,0
2889,289,9,4,0
2890,289,10,0,21
2891,290,1,1,0
2892,290,2,3,0
2893,290,3,1,0
2894,290,4,28,0
2895,290,5,0,37
2896,290,6,5,0
2897,290,7,0,49
2898,290,8,2,0
2899,290,9,1,0
2900,290,10,12,0
2901,291,1,0,15
2902,291,2,1,0
2903,291,3,1,0
2904,291,4,1,0
2905,291,5,27,0
2906,291,6,3,0
2907,291,7,22,0
2908,291,8,1,0
2909,291,9,1,0
2910,291,10,8,0
2911,292,1,10,0
2912,292,2,1,0
2913,292,3,0,15
2914,292,4,1,0
2915,292,5,4,0
2916,292,6,1,0
2917,292,7,12,0
2918,292,8,1,0
2919,292,9,0,1
2920,292,10,1,0
2921,293,1,2,0
2922,293,2,1,0
2923,293,3,5,0
2924,293,4,0,36
2925,293,5,1,0
2926,293,6,1,0
2927,293,7,9,0
2928,293,8,0,39
2929,293,9,1,0
2930,293,10,0,10
2931,294,1,1,0
2932,294,2,0,44
2933,294,3,1,0
2934,294,4,29,0
2935,294,5,2,0
2936,294,6,0,12
2937,294,7,5,0
2938,294,8,36,0
2939,294,9,0,29
2940,294,10,1,0
2941,295,1,1,0
2942,295,2,33,0
2943,295,3,3,0
2944,295,4,4,0
2945,295,5,1,0
2946,295,6,8,0
2947,295,7,1,0
2948,295,8,2,0
2949,295,9,8,0
2950,295,10,1,0
2951,296,1,1,0
2952,296,2,5,0
2953,296,3,1,0
2954,296,4,1,0
2955,296,5,1,0
2956,296,6,2,0
2957,296,7,0,39
2958,296,8,1,0
2959,296,9,3,0
2960,296,10,7,0
2961,297,1,0,36
2962,297,2,2,0
2963,297,3,1,0
2964,297,4,1,0
2965,297,5,1,0
2966,297,6,1,0
2967,297,7,24,0
2968,297,8,0,10
2969,297,9,12,0
2970,297,10,1,0
2971,298,1,10,0
2972,298,2,1,0
2973,298,3,2,0
2974,298,4,1,0
2975,298,5,0,21
2976,298,6,1,0
2977,298,7,14,0
2978,298,8,6,0
2979,298,9,5,0
2980,298,10,0,4
2981,299,1,8,0
2982,299,2,2,0
2983,299,3,1,0
2984,299,4,0,12
2985,299,5,3,0
2986,299,6,0,18
2987,299,7,1,0
2988,299,8,2,0
2989,299,9,1,0
2990,299,10,2,0
2991,300,1,4,0
2992,300,2,1,0
2993,300,3,1,0
2994,300,4,4,0
2995,300,5,2,0
2996,300,6,1,0
2997,300,7,0,22
2998,300,8,1,0
2999,300,9,0,31
3000,300,10,1,0
3001,301,1,10,0
3002,301,2,0,20
3003,301,3,0,41
3004,301,4,1,0
3005,301,5,8,0
3006,301,6,4,0
3007,301,7,16,0
3008,301,8,1,0
3009,301,9,16,0
3010,301,10,1,0
3011,302,1,1,0
3012,302,2,19,0
3013,302,3,12,0
3014,302,4,5,0
3015,302,5,3,0
3016,302,6,11,0
3017,302,7,5,0
3018,302,8,0,25
3019,302,9,10,0
3020,302,10,0,47
3021,303,1,2,0
3022,303,2,1,0
3023,303,3,10,0
3024,303,4,1,0
3025,303,5,2,0
3026,303,6,1,0
3027,303,7,1,0
3028,303,8,20,0
3029,303,9,2,0
3030,303,10,6,0
3031,304,1,1,0
3032,304,2,0,40
3033,304,3,12,0
3034,304,4,1,0
3035,304,5,1,0
3036,304,6,1,0
3037,304,7,0,21
3038,304,8,4,0
3039,304,9,2,0
3040,304,10,26,0
3041,305,1,0,17
3042,305,2,38,0
3043,305,3,5,0
3044,305,4,0,46
3045,305,5,1,0
3046,305,6,0,48
3047,305,7,10,0
3048,305,8,1,0
3049,305,9,1,0
3050,305,10,14,0
3051,306,1,16,0
3052,306,2,1,0
3053,306,3,1,0
3054,306,4,19,0
3055,306,5,1,0
3056,306,6,29,0
3057,306,7,8,0
3058,306,8,0,38
3059,306,9,0,17
3060,306,10,1,0
3061,307,1,1,0
3062,307,2,1,0
3063,307,3,1,0
3064,307,4,4,0
3065,307,5,0,25
3066,307,6,4,0
3067,307,7,1,0
3068,307,8,2,0
3069,307,9,7,0
3070,307,10,0,27
3071,308,1,0,9
3072,308,2,0,31
3073,308,3,0,36
3074,308,4,18,0
3075,308,5,9,0
3076,308,6,8,0
3077,308,7,1,0
3078,308,8,5,0
3079,308,9,5,0
3080,308,10,6,0
3081,309,1,2,0
3082,309,2,22,0
3083,309,3,32,0
3084,309,4,1,0
3085,309,5,14,0
3086,309,6,4,0
3087,309,7,1,0
3088,309,8,30,0
3089,309,9,1,0
3090,309,10,4,0
3091,310,1,4,0
3092,310,2,4,0
3093,310,3,1,0
3094,310,4,3,0
3095,310,5,1,0
3096,310,6,1,0
3097,310,7,0,0
3098,310,8,1,0
3099,310,9,1,0
3100,310,10,9,0
3101,311,1,2,0
3102,311,2,1,0
3103,311,3,2,0
3104,311,4,1,0
3105,311,5,1,0
3106,311,6,1,0
3107,311,7,0,32
3108,311,8,0,43
3109,311,9,2,0
3110,311,10,7,0
3111,312,1,1,0
3112,312,2,2,0
3113,312,3,1,0
3114,312,4,0,43
3115,312,5,0,41
3116,312,6,1,0
3117,312,7,16,0
3118,312,8,15,0
3119,312,9,1,0
3120,312,10,1,0
3121,313,1,0,16
3122,313,2,1,0
3123,313,3,0,35
3124,313,4,40,0
3125,313,5,29,0
3126,313,6,0,26
3127,313,7,1,0
3128,313,8,14,0
3129,313,9,0,33
3130,313,10,0,32
3131,314,1,4,0
3132,314,2,1,0
3133,314,3,25,0
3134,314,4,2,0
3135,314,5,3,0
3136,314,6,18,0
3137,314,7,10,0
3138,314,8,11,0
3139,314,9,11,0
3140,314,10,19,0
3141,315,1,8,0
3142,315,2,0,23
3143,315,3,9,0
3144,315,4,1,0
3145,315,5,4,0
3146,315,6,7,0
3147,315,7,1,0
3148,315,8,1,0
3149,315,9,19,0
3150,315,10,1,0
3151,316,1,2,0
3152,316,2,9,0
3153,316,3,1,0
3154,316,4,0,14
3155,316,5,4,0
3156,316,6,1,0
3157,316,7,1,0
3158,316,8,1,0
3159,316,9,2,0
3160,316,10,8,0
3161,317,1,1,0
3162,317,2,12,0
3163,317,3,0,46
3164,317,4,12,0
3165,317,5,1,0
3166,317,6,0,42
3167,317,7,1,0
3168,317,8,1,0
3169,317,9,1,0
3170,317,10,3,0
3171,318,1,1,0
3172,318,2,1,0
3173,318,3,34,0
3174,318,4,1,0
3175,318,5,0,30
3176,318,6,25,0
3177,318,7,1,0
3178,318,8,0,27
3179,318,9,0,10
3180,318,10,1,0
3181,319,1,0,9
3182,319,2,1,0
3183,319,3,4,0
3184,319,4,1,0
3185,319,5,22,0
3186,319,6,10,0
3187,319,7,1,0
3188,319,8,5,0
3189,319,9,4,0
3190,319,10,0,17
3191,320,1,2,0
3192,320,2,0,42
3193,320,3,6,0
3194,320,4,0,20
3195,320,5,5,0
3196,320,6,4,0
3197,320,7,0,13
3198,320,8,17,0
3199,320,9,2,0
3200,320,10,6,0
3201,321,1,2,0
3202,321,2,28,0
3203,321,3,1,0
3204,321,4,15,0
3205,321,5,1,0
3206,321,6,2,0
3207,321,7,5,0
3208,321,8,3,0
3209,321,9,2,0
3210,321,10,1,0
3211,322,1,4,0
3212,322,2,5,0
3213,322,3,1,0
3214,322,4,4,0
3215,322,5,1,0
3216,322,6,1,0
3217,322,7,2,0
3218,322,8,1,0
3219,322,9,1,0
3220,322,10,5,0
3221,323,1,1,0
3222,323,2,8,0
3223,323,3,0,22
3224,323,4,1,0
3225,323,5,1,0
3226,323,6,0,20
3227,323,7,2,0
3228,323,8,1,0
3229,323,9,1,0
3230,323,10,4,0
3231,324,1,0,2
3232,324,2,1,0
3233,324,3,1,0
3234,324,4,0,29
3235,324,5,0,1
3236,324,6,5,0
3237,324,7,3,0
3238,324,8,0,16
3239,324,9,0,39
3240,324,10,1,0
3241,325,1,1,0
3242,325,2,0,4
3243,325,3,10,0
3244,325,4,2,0
3245,325,5,1,0
3246,325,6,8,0
3247,325,7,1,0
3248,325,8,8,0
3249,325,9,37,0
3250,325,10,0,24
3251,326,1,1,0
3252,326,2,2,0
3253,326,3,7,0
3254,326,4,13,0
3255,326,5,0,24
3256,326,6,1,0
3257,326,7,0,47
3258,326,8,5,0
3259,326,9,1,0
3260,326,10,13,0
3261,327,1,0,18
3262,327,2,1,0
3263,327,3,1,0
3264,327,4,5,0
3265,327,5,18,0
3266,327,6,5,0
3267,327,7,4,0
3268,327,8,1,0
3269,327,9,1,0
3270,327,10,7,0
3271,328,1,15,0
3272,328,2,1,0
3273,328,3,1,0
3274,328,4,1,0
3275,328,5,2,0
3276,328,6,1,0
3277,328,7,9,0
3278,328,8,1,0
3279,328,9,0,7
3280,328,10,2,0
3281,329,1,2,0
3282,329,2,0,29
3283,329,3,1,0
3284,329,4,4,0
3285,329,5,2,0
3286,329,6,0,5
3287,329,7,20,0
3288,329,8,1,0
3289,329,9,5,0
3290,329,10,1,0
3291,330,1,1,0
3292,330,2,25,0
3293,330,3,1,0
3294,330,4,3,0
3295,330,5,1,0
3296,330,6,3,0
3297,330,7,9,0
3298,330,8,0,42
3299,330,9,1,0
3300,330,10,1,0
3301,331,1,0,11
3302,331,2,1,0
3303,331,3,0,27
3304,331,4,1,0
3305,331,5,1,0
3306,331,6,1,0
3307,331,7,1,0
3308,331,8,12,0
3309,331,9,1,0
3310,331,10,0,1
3311,332,1,6,0
3312,332,2,2,0
3313,332,3,5,0
3314,332,4,0,17
3315,332,5,0,32
3316,332,6,1,0
3317,332,7,3,0
3318,332,8,12,0
3319,332,9,0,29
3320,332,10,1,0
3321,333,1,1,0
3322,333,2,1,0
3323,333,3,3,0
3324,333,4,11,0
3325,333,5,11,0
3326,333,6,0,34
3327,333,7,1,0
3328,333,8,1,0
3329,333,9,28,0
3330,333,10,0,13
3331,334,1,1,0
3332,334,2,0,3
3333,334,3,16,0
3334,334,4,5,0
3335,334,5,1,0
3336,334,6,12,0
3337,334,7,0,38
3338,334,8,9,0
3339,334,9,1,0
3340,334,10,2,0
3341,335,1,2,0
3342,335,2,1,0
3343,335,3,1,0
3344,335,4,1,0
3345,335,5,18,0
3346,335,6,5,0
3347,335,7,16,0
3348,335,8,3,0
3349,335,9,0,1
3350,335,10,1,0
3351,336,1,1,0
3352,336,2,1,0
3353,336,3,1,0
3354,336,4,0,18
3355,336,5,1,0
3356,336,6,7,0
3357,336,7,14,0
3358,336,8,3,0
3359,336,9,1,0
3360,336,10,4,0
3361,337,1,0,15
3362,337,2,1,0
3363,337,3,1,0
3364,337,4,8,0
3365,337,5,1,0
3366,337,6,2,0
3367,337,7,3,0
3368,337,8,1,0
3369,337,9,0,3
3370,337,10,1,0
3371,338,1,7,0
3372,338,2,0,2
3373,338,3,0,16
3374,338,4,2,0
3375,338,5,0,18
3376,338,6,6,0
3377,338,7,1,0
3378,338,8,1,0
3379,338,9,1,0
3380,338,10,4,0
3381,339,1,7,0
3382,339,2,1,0
3383,339,3,12,0
3384,339,4,5,0
3385,339,5,8,0
3386,339,6,1,0
3387,339,7,3,0
3388,339,8,0,9
3389,339,9,1,0
3390,339,10,1,0
3391,340,1,1,0
3392,340,2,1,0
3393,340,3,3,0
3394,340,4,1,0
3395,340,5,6,0
3396,340,6,1,0
3397,340,7,1,0
3398,340,8,3,0
3399,340,9,1,0
3400,340,10,0,21
3401,341,1,0,26
3402,341,2,0,4
3403,341,3,1,0
3404,341,4,1,0
3405,341,5,1,0
3406,341,6,0,10
3407,341,7,0,19
3408,341,8,3,0
3409,341,9,0,36
3410,341,10,12,0
3411,342,1,23,0
3412,342,2,1,0
3413,342,3,0,42
3414,342,4,1,0
3415,342,5,1,0
3416,342,6,2,0
3417,342,7,15,0
3418,342,8,1,0
3419,342,9,24,0
3420,342,10,3,0
3421,343,1,1,0
3422,343,2,2,0
3423,343,3,35,0
3424,343,4,0,24
3425,343,5,1,0
3426,343,6,3,0
3427,343,7,3,0
3428,343,8,1,0
3429,343,9,4,0
3430,343,10,3,0
3431,344,1,1,0
3432,344,2,1,0
3433,344,3,2,0
3434,344,4,18,0
3435,344,5,1,0
3436,344,6,3,0
3437,344,7,1,0
3438,344,8,1,0
3439,344,9,1,0
3440,344,10,2,0
3441,345,1,1,0
3442,345,2,0,49
3443,345,3,1,0
3444,345,4,1,0
3445,345,5,0,6
3446,345,6,1,0
3447,345,7,0,38
3448,345,8,0,17
3449,345,9,5,0
3450,345,10,1,0
3451,346,1,0,29
3452,346,2,21,0
3453,346,3,2,0
3454,346,4,1,0
3455,346,5,1,0
3456,346,6,1,0
3457,346,7,36,0
3458,346,8,4,0
3459,346,9,1,0
3460,346,10,0,35
3461,347,1,2,0
3462,347,2,5,0
3463,347,3,1,0
3464,347,4,1,0
3465,347,5,3,0
3466,347,6,0,0
3467,347,7,1,0
3468,347,8,10,0
3469,347,9,1,0
3470,347,10,9,0
3471,348,1,5,0
3472,348,2,18,0
3473,348,3,1,0
3474,348,4,1,0
3475,348,5,1,0
3476,348,6,0,43
3477,348,7,1,0
3478,348,8,1,0
3479,348,9,0,4
3480,348,10,25,0
3481,349,1,6,0
3482,349,2,2,0
3483,349,3,0,0
3484,349,4,1,0
3485,349,5,1,0
3486,349,6,3,0
3487,349,7,0,49
3488,349,8,1,0
3489,349,9,2,0
3490,349,10,1,0
3491,350,1,7,0
3492,350,2,1,0
3493,350,3,0,17
3494,350,4,1,0
3495,350,5,0,32
3496,350,6,35,0
3497,350,7,36,0
3498,350,8,1,0
3499,350,9,1,0
3500,350,10,0,42
3501,351,1,3,0
3502,351,2,1,0
3503,351,3,3,0
3504,351,4,0,8
3505,351,5,24,0
3506,351,6,3,0
3507,351,7,6,0
3508,351,8,0,33
3509,351,9,1,0
3510,351,10,37,0
3511,352,1,3,0
3512,352,2,1,0
3513,352,3,11,0
3514,352,4,7,0
3515,352,5,2,0
3516,352,6,1,0
3517,352,7,6,0
3518,352,8,28,0
3519,352,9,0,9
3520,352,10,1,0
3521,353,1,2,0
3522,353,2,0,16
3523,353,3,1,0
3524,353,4,1,0
3525,353,5,3,0
3526,353,6,1,0
3527,353,7,1,0
3528,353,8,2,0
3529,353,9,4,0
3530,353,10,2,0
3531,354,1,1,0
3532,354,2,6,0
3533,354,3,1,0
3534,354,4,0,48
3535,354,5,1,0
3536,354,6,0,14
3537,354,7,0,42
3538,354,8,2,0
3539,354,9,4,0
3540,354,10,1,0
3541,355,1,0,15
3542,355,2,1,0
3543,355,3,1,0
3544,355,4,15,0
3545,355,5,1,0
3546,355,6,13,0
3547,355,7,5,0
3548,355,8,1,0
3549,355,9,1,0
3550,355,10,1,0
3551,356,1,11,0
3552,356,2,5,0
3553,356,3,0,21
3554,356,4,26,0
3555,356,5,1,0
3556,356,6,1,0
3557,356,7,14,0
3558,356,8,0,33
3559,356,9,0,16
3560,356,10,0,40
3561,357,1,1,0
3562,357,2,3,0
3563,357,3,18,0
3564,357,4,3,0
3565,357,5,0,38
3566,357,6,0,46
3567,357,7,22,0
3568,357,8,20,0
3569,357,9,4,0
3570,357,10,24,0
3571,358,1,1,0
3572,358,2,1,0
3573,358,3,2,0
3574,358,4,1,0
3575,358,5,24,0
3576,358,6,18,0
3577,358,7,1,0
3578,358,8,6,0
3579,358,9,3,0
3580,358,10,6,0
3581,359,1,1,0
3582,359,2,0,34
3583,359,3,1,0
3584,359,4,1,0
3585,359,5,8,0
3586,359,6,27,0
3587,359,7,0,31
3588,359,8,6,0
3589,359,9,7,0
3590,359,10,4,0
3591,360,1,1,0
3592,360,2,30,0
3593,360,3,0,48
3594,360,4,1,0
3595,360,5,2,0
3596,360,6,1,0
3597,360,7,27,0
3598,360,8,1,0
3599,360,9,1,0
3600,360,10,3,0
3601,361,1,0,32
3602,361,2,1,0
3603,361,3,34,0
3604,361,4,1,0
3605,361,5,1,0
3606,361,6,0,20
3607,361,7,2,0
3608,361,8,0,0
3609,361,9,1,0
3610,361,10,1,0
3611,362,1,26,0
3612,362,2,2,0
3613,362,3,2,0
3614,362,4,0,35
3615,362,5,1,0
3616,362,6,3,0
3617,362,7,1,0
3618,362,8,0,12
3619,362,9,0,26
3620,362,10,1,0
3621,363,1,1,0
3622,363,2,1,0
3623,363,3,6,0
3624,363,4,21,0
3625,363,5,1,0
3626,363,6,4,0
3627,363,7,1,0
3628,363,8,9,0
3629,363,9,12,0
3630,363,10,1,0
3631,364,1,1,0
3632,364,2,0,31
3633,364,3,5,0
3634,364,4,7,0
3635,364,5,1,0
3636,364,6,10,0
3637,364,7,0,35
3638,364,8,1,0
3639,364,9,12,0
3640,364,10,0,43
3641,365,1,1,0
3642,365,2,11,0
3643,365,3,1,0
3644,365,4,3,0
3645,365,5,0,12
3646,365,6,2,0
3647,365,7,17,0
3648,365,8,1,0
3649,365,9,1,0
3650,365,10,42,0
3651,366,1,2,0
3652,366,2,8,0
3653,366,3,0,47
3654,366,4,2,0
3655,366,5,3,0
3656,366,6,1,0
3657,366,7,9,0
3658,366,8,1,0
3659,366,9,1,0
3660,366,10,1,0
3661,367,1,1,0
3662,367,2,6,0
3663,367,3,12,0
3664,367,4,1,0
3665,367,5,6,0
3666,367,6,0,46
3667,367,7,4,0
3668,367,8,0,18
3669,367,9,0,0
3670,367,10,0,7
3671,368,1,0,8
3672,368,2,4,0
3673,368,3,3,0
3674,368,4,1,0
3675,368,5,1,0
3676,368,6,18,0
3677,368,7,4,0
3678,368,8,14,0
3679,368,9,0,4
3680,368,10,4,0
3681,369,1,4,0
3682,369,2,1,0
3683,369,3,8,0
3684,369,4,0,11
3685,369,5,1,0
3686,369,6,16,0
3687,369,7,1,0
3688,369,8,1,0
3689,369,9,1,0
3690,369,10,2,0
3691,370,1,1,0
3692,370,2,1,0
3693,370,3,4,0
3694,370,4,10,0
3695,370,5,1,0
3696,370,6,4,0
3697,370,7,0,41
3698,370,8,1,0
3699,370,9,1,0
3700,370,10,1,0
3701,371,1,1,0
3702,371,2,0,42
3703,371,3,14,0
3704,371,4,1,0
3705,371,5,0,27
3706,371,6,4,0
3707,371,7,1,0
3708,371,8,1,0
3709,371,9,1,0
3710,371,10,0,26
3711,372,1,1,0
3712,372,2,17,0
3713,372,3,3,0
3714,372,4,0,45
3715,372,5,25,0
3716,372,6,2,0
3717,372,7,1,0
3718,372,8,1,0
3719,372,9,1,0
3720,372,10,21,0
3721,373,1,1,0
3722,373,2,24,0
3723,373,3,1,0
3724,373,4,6,0
3725,373,5,1,0
3726,373,6,1,0
3727,373,7,12,0
3728,373,8,0,42
3729,373,9,0,41
3730,373,10,3,0
3731,374,1,0,13
3732,374,2,1,0
3733,374,3,1,0
3734,374,4,30,0
3735,374,5,1,0
3736,374,6,1,0
3737,374,7,16,0
3738,374,8,6,0
3739,374,9,17,0
3740,374,10,1,0
3741,375,1,4,0
3742,375,2,0,42
3743,375,3,1,0
3744,375,4,2,0
3745,375,5,0,47
3746,375,6,0,19
3747,375,7,9,0
3748,375,8,34,0
3749,375,9,17,0
3750,375,10,1,0
3751,376,1,1,0
3752,376,2,33,0
3753,376,3,0,9
3754,376,4,3,0
3755,376,5,25,0
3756,376,6,15,0
3757,376,7,1,0
3758,376,8,1,0
3759,376,9,5,0
3760,376,10,0,49
3761,377,1,7,0
3762,377,2,8,0
3763,377,3,2,0
3764,377,4,1,0
3765,377,5,21,0
3766,377,6,2,0
3767,377,7,1,0
3768,377,8,1,0
3769,377,9,1,0
3770,377,10,16,0
3771,378,1,1,0
3772,378,2,1,0
3773,378,3,1,0
3774,378,4,2,0
3775,378,5,1,0
3776,378,6,1,0
3777,378,7,0,42
3778,378,8,0,27
3779,378,9,1,0
3780,378,10,6,0
3781,379,1,0,5
3782,379,2,0,3
3783,379,3,5,0
3784,379,4,1,0
3785,379,5,0,10
3786,379,6,1,0
3787,379,7,2,0
3788,379,8,12,0
3789,379,9,0,48
3790,379,10,7,0
3791,380,1,3,0
3792,380,2,1,0
3793,380,3,1,0
3794,380,4,0,7
3795,380,5,4,0
3796,380,6,0,5
3797,380,7,16,0
3798,380,8,5,0
3799,380,9,46,0
3800,380,10,1,0
3801,381,1,1,0
3802,381,2,1,0
3803,381,3,0,19
3804,381,4,1,0
3805,381,5,3,0
3806,381,6,1,0
3807,381,7,11,0
3808,381,8,2,0
3809,381,9,1,0
3810,381,10,3,0
3811,382,1,1,0
3812,382,2,1,0
3813,382,3,3,0
3814,382,4,2,0
3815,382,5,2,0
3816,382,6,2,0
3817,382,7,10,0
3818,382,8,6,0
3819,382,9,1,0
3820,382,10,8,0
3821,383,1,0,16
3822,383,2,0,15
3823,383,3,3,0
3824,383,4,3,0
3825,383,5,1,0
3826,383,6,1,0
3827,383,7,1,0
3828,383,8,1,0
3829,383,9,0,2
3830,383,10,7,0
3831,384,1,7,0
3832,384,2,4,0
3833,384,3,4,0
3834,384,4,1,0
3835,384,5,0,41
3836,384,6,1,0
3837,384,7,1,0
3838,384,8,1,0
3839,384,9,1,0
3840,384,10,1,0
3841,385,1,4,0
3842,385,2,6,0
3843,385,3,3,0
3844,385,4,0,27
3845,385,5,13,0
3846,385,6,0,28
3847,385,7,1,0
3848,385,8,0,28
3849,385,9,1,0
3850,385,10,0,26
3851,386,1,1,0
3852,386,2,2,0
3853,386,3,2,0
3854,386,4,5,0
3855,386,5,13,0
3856,386,6,13,0
3857,386,7,0,37
3858,386,8,10,0
3859,386,9,0,18
3860,386,10,24,0
3861,387,1,3,0
3862,387,2,2,0
3863,387,3,3,0
3864,387,4,14,0
3865,387,5,6,0
3866,387,6,3,0
3867,387,7,5,0
3868,387,8,5,0
3869,387,9,4,0
3870,387,10,1,0
3871,388,1,1,0
3872,388,2,1,0
3873,388,3,1,0
3874,388,4,6,0
3875,388,5,6,0
3876,388,6,6,0
3877,388,7,22,0
3878,388,8,5,0
3879,388,9,3,0
3880,388,10,1,0
3881,389,1,0,23
3882,389,2,0,16
3883,389,3,0,6
3884,389,4,1,0
3885,389,5,2,0
3886,389,6,5,0
3887,389,7,7,0
3888,389,8,6,0
3889,389,9,9,0
3890,389,10,0,3
3891,390,1,14,0
3892,390,2,12,0
3893,390,3,4,0
3894,390,4,1,0
3895,390,5,1,0
3896,390,6,1,0
3897,390,7,1,0
3898,390,8,1,0
3899,390,9,1,0
3900,390,10,2,0
3901,391,1,2,0
3902,391,2,1,0
3903,391,3,1,0
3904,391,4,0,13
3905,391,5,0,17
3906,391,6,0,35
3907,391,7,1,0
3908,391,8,1,0
3909,391,9,1,0
3910,391,10,1,0
3911,392,1,4,0
3912,392,2,1,0
3913,392,3,1,0
3914,392,4,6,0
3915,392,5,4,0
3916,392,6,4,0
3917,392,7,1,0
3918,392,8,0,17
3919,392,9,0,42
3920,392,10,0,14
3921,393,1,1,0
3922,393,2,1,0
3923,393,3,0,8
3924,393,4,6,0
3925,393,5,11,0
3926,393,6,27,0
3927,393,7,0,0
3928,393,8,1,0
3929,393,9,28,0
3930,393,10,11,0
3931,394,1,1,0
3932,394,2,1,0
3933,394,3,2,0
3934,394,4,1,0
3935,394,5,1,0
3936,394,6,1,0
3937,394,7,0,48
3938,394,8,9,0
3939,394,9,9,0
3940,394,10,2,0
3941,395,1,1,0
3942,395,2,0,8
3943,395,3,3,0
3944,395,4,0,43
3945,395,5,1,0
3946,395,6,1,0
3947,395,7,29,0
3948,395,8,1,0
3949,395,9,3,0
3950,395,10,1,0
3951,396,1,0,15
3952,396,2,6,0
3953,396,3,1,0
3954,396,4,13,0
3955,396,5,0,21
3956,396,6,1,0
3957,396,7,12,0
3958,396,8,5,0
3959,396,9,1,0
3960,396,10,0,9
3961,397,1,7,0
3962,397,2,1,0
3963,397,3,1,0
3964,397,4,4,0
3965,397,5,14,0
3966,397,6,1,0
3967,397,7,4,0
3968,397,8,1,0
3969,397,9,1,0
3970,397,10,7,0
3971,398,1,7,0
3972,398,2,1,0
3973,398,3,1,0
3974,398,4,1,0
3975,398,5,1,0
3976,398,6,0,36
3977,398,7,1,0
3978,398,8,0,1
3979,398,9,0,14
3980,398,10,1,0
3981,399,1,1,0
3982,399,2,0,32
3983,399,3,0,10
3984,399,4,1,0
3985,399,5,1,0
3986,399,6,23,0
3987,399,7,1,0
3988,399,8,1,0
3989,399,9,5,0
3990,399,10,1,0
3991,400,1,0,12
3992,400,2,23,0
3993,400,3,2,0
3994,400,4,4,0
3995,400,5,4,0
3996,400,6,3,0
3997,400,7,1,0
3998,400,8,0,0
3999,400,9,8,0
4000,400,10,0,37
4001,401,1,3,0
4002,401,2,6,0
4003,401,3,6,0
4004,401,4,10,0
4005,401,5,1,0
4006,401,6,8,0
4007,401,7,0,5
4008,401,8,0,0
4009,401,9,1,0
4010,401,10,16,0
4011,402,1,3,0
4012,402,2,1,0
4013,402,3,1,0
4014,402,4,5,0
4015,402,5,0,46
4016,402,6,1,0
4017,402,7,4,0
4018,402,8,0,0
4019,402,9,0,32
4020,402,10,16,0
4021,403,1,3,0
4022,403,2,1,0
4023,403,3,1,0
4024,403,4,3,0
4025,403,5,13,0
4026,403,6,1,0
4027,403,7,1,0
4028,403,8,0,1
4029,403,9,28,0
4030,403,10,3,0
4031,404,1,2,0
4032,404,2,1,0
4033,404,3,0,41
4034,404,4,1,0
4035,404,5,28,0
4036,404,6,0,49
4037,404,7,0,27
4038,404,8,1,0
4039,404,9,2,0
4040,404,10,1,0
4041,405,1,1,0
4042,405,2,0,6
4043,405,3,20,0
4044,405,4,1,0
4045,405,5,2,0
4046,405,6,31,0
4047,405,7,1,0
4048,405,8,0,21
4049,405,9,1,0
4050,405,10,1,0
4051,406,1,0,47
4052,406,2,2,0
4053,406,3,2,0
4054,406,4,0,44
4055,406,5,2,0
4056,406,6,5,0
4057,406,7,12,0
4058,406,8,18,0
4059,406,9,1,0
4060,406,10,0,3
4061,407,1,33,0
4062,407,2,3,0
4063,407,3,16,0
4064,407,4,39,0
4065,407,5,1,0
4066,407,6,1,0
4067,407,7,3,0
4068,407,8,2,0
4069,407,9,0,17
4070,407,10,2,0
4071,408,1,9,0
4072,408,2,1,0
4073,408,3,1,0
4074,408,4,2,0
4075,408,5,0,10
4076,408,6,2,0
4077,408,7,10,0
4078,408,8,1,0
4079,408,9,1,0
4080,408,10,1,0
4081,409,1,3,0
4082,409,2,0,5
4083,409,3,1,0
4084,409,4,2,0
4085,409,5,5,0
4086,409,6,3,0
4087,409,7,1,0
4088,409,8,0,33
4089,409,9,2,0
4090,409,10,0,16
4091,410,1,1,0
4092,410,2,2,0
4093,410,3,1,0
4094,410,4,1,0
4095,410,5,1,0
4096,410,6,2,0
4097,410,7,0,0
4098,410,8,11,0
4099,410,9,1,0
4100,410,10,3,0
4101,411,1,1,0
4102,411,2,2,0
4103,411,3,0,40
4104,411,4,0,49
4105,411,5,1,0
4106,411,6,2,0
4107,411,7,0,39
4108,411,8,12,0
4109,411,9,5,0
4110,411,10,6,0
4111,412,1,0,0
4112,412,2,1,0
4113,412,3,22,0
4114,412,4,15,0
4115,412,5,1,0
4116,412,6,1,0
4117,412,7,27,0
4118,412,8,1,0
4119,412,9,2,0
4120,412,10,5,0
4121,413,1,0,2
4122,413,2,0,13
4123,413,3,9,0
4124,413,4,25,0
4125,413,5,1,0
4126,413,6,1,0
4127,413,7,8,0
4128,413,8,7,0
4129,413,9,5,0
4130,413,10,1,0
4131,414,1,1,0
4132,414,2,5,0
4133,414,3,7,0
4134,414,4,5,0
4135,414,5,1,0
4136,414,6,1,0
4137,414,7,1,0
4138,414,8,1,0
4139,414,9,1,0
4140,414,10,1,0
4141,415,1,1,0
4142,415,2,6,0
4143,415,3,1,0
4144,415,4,2,0
4145,415,5,0,2
4146,415,6,0,44
4147,415,7,2,0
4148,415,8,1,0
4149,415,9,0,33
4150,415,10,0,27
4151,416,1,0,11
4152,416,2,1,0
4153,416,3,1,0
4154,416,4,1,0
4155,416,5,1,0
4156,416,6,26,0
4157,416,7,1,0
4158,416,8,0,39
4159,416,9,18,0
4160,416,10,22,0
4161,417,1,6,0
4162,417,2,1,0
4163,417,3,0,22
4164,417,4,1,0
4165,417,5,1,0
4166,417,6,7,0
4167,417,7,0,0
4168,417,8,26,0
4169,417,9,2,0
4170,417,10,3,0
4171,418,1,1,0
4172,418,2,0,42
4173,418,3,13,0
4174,418,4,0,7
4175,418,5,0,11
4176,418,6,10,0
4177,418,7,0,49
4178,418,8,10,0
4179,418,9,5,0
4180,418,10,1,0
4181,419,1,1,0
4182,419,2,30,0
4183,419,3,7,0
4184,419,4,1,0
4185,419,5,3,0
4186,419,6,1,0
4187,419,7,10,0
4188,419,8,1,0
4189,419,9,4,0
4190,419,10,1,0
4191,420,1,2,0
4192,420,2,11,0
4193,420,3,1,0
4194,420,4,1,0
4195,420,5,7,0
4196,420,6,0,10
4197,420,7,6,0
4198,420,8,1,0
4199,420,9,3,0
4200,420,10,0,20
4201,421,1,1,0
4202,421,2,1,0
4203,421,3,1,0
4204,421,4,4,0
4205,421,5,1,0
4206,421,6,1,0
4207,421,7,27,0
4208,421,8,1,0
4209,421,9,1,0
4210,421,10,12,0
4211,422,1,0,17
4212,422,2,0,3
4213,422,3,0,5
4214,422,4,1,0
4215,422,5,0,22
4216,422,6,5,0
4217,422,7,4,0
4218,422,8,0,7
4219,422,9,0,43
4220,422,10,1,0
4221,423,1,15,0
4222,423,2,1,0
4223,423,3,4,0
4224,423,4,0,36
4225,423,5,7,0
4226,423,6,3,0
4227,423,7,1,0
4228,423,8,2,0
4229,423,9,40,0
4230,423,10,5,0
4231,424,1,1,0
4232,424,2,1,0
4233,424,3,1,0
4234,424,4,25,0
4235,424,5,2,0
4236,424,6,1,0
4237,424,7,1,0
4238,424,8,3,0
4239,424,9,2,0
4240,424,10,1,0
4241,425,1,1,0
4242,425,2,1,0
4243,425,3,0,33
4244,425,4,7,0
4245,425,5,6,0
4246,425,6,0,30
4247,425,7,0,28
4248,425,8,1,0
4249,425,9,1,0
4250,425,10,1,0
4251,426,1,0,16
4252,426,2,0,35
4253,426,3,8,0
4254,426,4,2,0
4255,426,5,2,0
4256,426,6,2,0
4257,426,7,14,0
4258,426,8,1,0
4259,426,9,0,12
4260,426,10,0,9
4261,427,1,15,0
4262,427,2,10,0
4263,427,3,7,0
4264,427,4,1,0
4265,427,5,4,0
4266,427,6,20,0
4267,427,7,2,0
4268,427,8,0,6
4269,427,9,10,0
4270,427,10,8,0
4271,428,1,1,0
4272,428,2,15,0
4273,428,3,7,0
4274,428,4,1,0
4275,428,5,1,0
4276,428,6,2,0
4277,428,7,4,0
4278,428,8,5,0
4279,428,9,1,0
4280,428,10,1,0
4281,429,1,0,47
4282,429,2,4,0
4283,429,3,7,0
4284,429,4,0,26
4285,429,5,0,6
4286,429,6,3,0
4287,429,7,6,0
4288,429,8,1,0
4289,429,9,1,0
4290,429,10,0,39
4291,430,1,20,0
4292,430,2,3,0
4293,430,3,1,0
4294,430,4,2,0
4295,430,5,3,0
4296,430,6,1,0
4297,430,7,1,0
4298,430,8,0,44
4299,430,9,0,24
4300,430,10,18,0
4301,431,1,6,0
4302,431,2,1,0
4303,431,3,1,0
4304,431,4,2,0
4305,431,5,2,0
4306,431,6,1,0
4307,431,7,1,0
4308,431,8,9,0
4309,431,9,6,0
4310,431,10,17,0
4311,432,1,9,0
4312,432,2,1,0
4313,432,3,1,0
4314,432,4,12,0
4315,432,5,1,0
4316,432,6,1,0
4317,432,7,0,16
4318,432,8,15,0
4319,432,9,2,0
4320,432,10,1,0
4321,433,1,7,0
4322,433,2,1,0
4323,433,3,1,0
4324,433,4,8,0
4325,433,5,0,13
4326,433,6,0,15
4327,433,7,2,0
4328,433,8,2,0
4329,433,9,14,0
4330,433,10,1,0
4331,434,1,4,0
4332,434,2,0,9
4333,434,3,0,11
4334,434,4,1,0
4335,434,5,12,0
4336,434,6,8,0
4337,434,7,2,0
4338,434,8,6,0
4339,434,9,1,0
4340,434,10,1,0
4341,435,1,1,0
4342,435,2,4,0
4343,435,3,4,0
4344,435,4,1,0
4345,435,5,1,0
4346,435,6,6,0
4347,435,7,3,0
4348,435,8,5,0
4349,435,9,1,0
4350,435,10,1,0
4351,436,1,0,33
4352,436,2,1,0
4353,436,3,4,0
4354,436,4,0,8
4355,436,5,0,28
4356,436,6,1,0
4357,436,7,2,0
4358,436,8,6,0
4359,436,9,0,26
4360,436,10,0,7
4361,437,1,2,0
4362,437,2,3,0
4363,437,3,1,0
4364,437,4,4,0
4365,437,5,16,0
4366,437,6,0,49
4367,437,7,5,0
4368,437,8,1,0
4369,437,9,8,0
4370,437,10,2,0
4371,438,1,29,0
4372,438,2,1,0
4373,438,3,1,0
4374,438,4,2,0
4375,438,5,7,0
4376,438,6,46,0
4377,438,7,1,0
4378,438,8,0,16
4379,438,9,9,0
4380,438,10,1,0
4381,439,1,1,0
4382,439,2,0,23
4383,439,3,1,0
4384,439,4,1,0
4385,439,5,2,0
4386,439,6,1,0
4387,439,7,1,0
4388,439,8,12,0
4389,439,9,4,0
4390,439,10,2,0
4391,440,1,1,0
4392,440,2,21,0
4393,440,3,0,26
4394,440,4,1,0
4395,440,5,1,0
4396,440,6,1,0
4397,440,7,0,3
4398,440,8,2,0
4399,440,9,1,0
4400,440,10,1,0
4401,441,1,0,45
4402,441,2,1,0
4403,441,3,21,0
4404,441,4,0,17
4405,441,5,1,0
4406,441,6,1,0
4407,441,7,1,0
4408,441,8,1,0
4409,441,9,2,0
4410,441,10,1,0
4411,442,1,24,0
4412,442,2,1,0
4413,442,3,1,0
4414,442,4,3,0
4415,442,5,1,0
4416,442,6,0,15
4417,442,7,1,0
4418,442,8,1,0
4419,442,9,1,0
4420,442,10,0,42
4421,443,1,7,0
4422,443,2,0,34
4423,443,3,3,0
4424,443,4,6,0
4425,443,5,0,44
4426,443,6,11,0
4427,443,7,1,0
4428,443,8,0,12
4429,443,9,1,0
4430,443,10,4,0
4431,444,1,8,0
4432,444,2,14,0
4433,444,3,1,0
4434,444,4,3,0
4435,444,5,39,0
4436,444,6,1,0
4437,444,7,0,18
4438,444,8,4,0
4439,444,9,0,29
4440,444,10,20,0
4441,445,1,5,0
4442,445,2,7,0
4443,445,3,0,8
4444,445,4,4,0
4445,445,5,4,0
4446,445,6,1,0
4447,445,7,9,0
4448,445,8,1,0
4449,445,9,23,0
4450,445,10,9,0
4451,446,1,1,0
4452,446,2,9,0
4453,446,3,4,0
4454,446,4,1,0
4455,446,5,1,0
4456,446,6,1,0
4457,446,7,4,0
4458,446,8,1,0
4459,446,9,1,0
4460,446,10,6,0
4461,447,1,0,25
4462,447,2,3,0
4463,447,3,2,0
4464,447,4,0,49
4465,447,5,0,23
4466,447,6,1,0
4467,447,7,3,0
4468,447,8,3,0
4469,447,9,1,0
4470,447,10,2,0
4471,448,1,17,0
4472,448,2,1,0
4473,448,3,1,0
4474,448,4,48,0
4475,448,5,16,0
4476,448,6,0,36
4477,448,7,1,0
4478,448,8,2,0
4479,448,9,1,0
4480,448,10,1,0
4481,449,1,1,0
4482,449,2,0,27
4483,449,3,1,0
4484,449,4,1,0
4485,449,5,3,0
4486,449,6,23,0
4487,449,7,1,0
4488,449,8,1,0
4489,449,9,2,0
4490,449,10,0,32
4491,450,1,3,0
4492,450,2,26,0
4493,450,3,0,44
4494,450,4,0,29
4495,450,5,3,0
4496,450,6,11,0
4497,450,7,0,28
4498,450,8,0,45
4499,450,9,1,0
4500,450,10,22,0
4501,451,1,2,0
4502,451,2,1,0
4503,451,3,35,0
4504,451,4,24,0
4505,451,5,1,0
4506,451,6,1,0
4507,451,7,5,0
4508,451,8,10,0
4509,451,9,0,6
4510,451,10,2,0
4511,452,1,1,0
4512,452,2,0,22
4513,452,3,5,0
4514,452,4,2,0
4515,452,5,0,22
4516,452,6,1,0
4517,452,7,7,0
4518,452,8,30,0
4519,452,9,2,0
4520,452,10,4,0
4521,453,1,1,0
4522,453,2,17,0
4523,453,3,1,0
4524,453,4,1,0
4525,453,5,1,0
4526,453,6,0,20
4527,453,7,11,0
4528,453,8,2,0
4529,453,9,3,0
4530,453,10,2,0
4531,454,1,0,43
4532,454,2,1,0
4533,454,3,1,0
4534,454,4,1,0
4535,454,5,18,0
4536,454,6,1,0
4537,454,7,2,0
4538,454,8,1,0
4539,454,9,1,0
4540,454,10,1,0
4541,455,1,10,0
4542,455,2,1,0
4543,455,3,1,0
4544,455,4,1,0
4545,455,5,2,0
4546,455,6,13,0
4547,455,7,1,0
4548,455,8,1,0
4549,455,9,0,43
4550,455,10,1,0
4551,456,1,9,0
4552,456,2,1,0
4553,456,3,1,0
4554,456,4,0,12
4555,456,5,1,0
4556,456,6,2,0
4557,456,7,1,0
4558,456,8,1,0
4559,456,9,23,0
4560,456,10,0,42
4561,457,1,8,0
4562,457,2,1,0
4563,457,3,0,48
4564,457,4,4,0
4565,457,5,0,3
4566,457,6,1,0
4567,457,7,1,0
4568,457,8,0,46
4569,457,9,6,0
4570,457,10,8,0
4571,458,1,15,0
4572,458,2,1,0
4573,458,3,5,0
4574,458,4,3,0
4575,458,5,1,0
4576,458,6,1,0
4577,458,7,0,21
4578,458,8,28,0
4579,458,9,12,0
4580,458,10,3,0
4581,459,1,1,0
4582,459,2,0,12
4583,459,3,11,0
4584,459,4,4,0
4585,459,5,1,0
4586,459,6,1,0
4587,459,7,11,0
4588,459,8,15,0
4589,459,9,1,0
4590,459,10,9,0
4591,460,1,0,29
4592,460,2,9,0
4593,460,3,10,0
4594,460,4,1,0
4595,460,5,1,0
4596,460,6,1,0
4597,460,7,9,0
4598,460,8,1,0
4599,460,9,1,0
4600,460,10,13,0
4601,461,1,18,0
4602,461,2,2,0
4603,461,3,14,0
4604,461,4,0,20
4605,461,5,0,29
4606,461,6,0,2
4607,461,7,1,0
4608,461,8,1,0
4609,461,9,0,46
4610,461,10,7,0
4611,462,1,6,0
4612,462,2,1,0
4613,462,3,2,0
4614,462,4,4,0
4615,462,5,17,0
4616,462,6,1,0
4617,462,7,0,48
4618,462,8,1,0
4619,462,9,44,0
4620,462,10,1,0
4621,463,1,2,0
4622,463,2,0,33
4623,463,3,1,0
4624,463,4,11,0
4625,463,5,4,0
4626,463,6,1,0
4627,463,7,18,0
4628,463,8,0,23
4629,463,9,1,0
4630,463,10,1,0
4631,464,1,1,0
4632,464,2,22,0
4633,464,3,2,0
4634,464,4,1,0
4635,464,5,2,0
4636,464,6,0,38
4637,464,7,10,0
4638,464,8,13,0
4639,464,9,1,0
4640,464,10,0,35
4641,465,1,1,0
4642,465,2,7,0
4643,465,3,2,0
4644,465,4,2,0
4645,465,5,3,0
4646,465,6,2,0
4647,465,7,5,0
4648,465,8,8,0
4649,465,9,0,24
4650,465,10,2,0
4651,466,1,1,0
4652,466,2,3,0
4653,466,3,1,0
4654,466,4,1,0
4655,466,5,1,0
4656,466,6,24,0
4657,466,7,8,0
4658,466,8,1,0
4659,466,9,19,0
4660,466,10,14,0
4661,467,1,0,20
4662,467,2,1,0
4663,467,3,0,20
4664,467,4,1,0
4665,467,5,1,0
4666,467,6,8,0
4667,467,7,5,0
4668,467,8,1,0
4669,467,9,3,0
4670,467,10,11,0
4671,468,1,4,0
4672,468,2,0,6
4673,468,3,10,0
4674,468,4,0,49
4675,468,5,1,0
4676,468,6,2,0
4677,468,7,1,0
4678,468,8,0,20
4679,468,9,1,0
4680,468,10,7,0
4681,469,1,6,0
4682,469,2,2,0
4683,469,3,7,0
4684,469,4,31,0
4685,469,5,0,41
4686,469,6,1,0
4687,469,7,1,0
4688,469,8,16,0
4689,469,9,1,0
4690,469,10,1,0
4691,470,1,9,0
4692,470,2,2,0
4693,470,3,1,0
4694,470,4,6,0
4695,470,5,2,0
4696,470,6,1,0
4697,470,7,0,46
4698,470,8,1,0
4699,470,9,0,45
4700,470,10,0,25
4701,471,1,1,0
4702,471,2,1,0
4703,471,3,1,0
4704,471,4,8,0
4705,471,5,21,0
4706,471,6,0,39
4707,471,7,6,0
4708,471,8,2,0
4709,471,9,17,0
4710,471,10,9,0
4711,472,1,0,33
4712,472,2,1,0
4713,472,3,1,0
4714,472,4,2,0
4715,472,5,13,0
4716,472,6,33,0
4717,472,7,14,0
4718,472,8,1,0
4719,472,9,7,0
4720,472,10,14,0
4721,473,1,8,0
4722,473,2,0,30
4723,473,3,0,47
4724,473,4,1,0
4725,473,5,2,0
4726,473,6,3,0
4727,473,7,10,0
4728,473,8,0,43
4729,473,9,14,0
4730,473,10,1,0
4731,474,1,5,0
4732,474,2,12,0
4733,474,3,11,0
4734,474,4,1,0
4735,474,5,2,0
4736,474,6,1,0
4737,474,7,4,0
4738,474,8,32,0
4739,474,9,5,0
4740,474,10,1,0
4741,475,1,14,0
4742,475,2,16,0
4743,475,3,7,0
4744,475,4,0,6
4745,475,5,1,0
4746,475,6,1,0
4747,475,7,9,0
4748,475,8,7,0
4749,475,9,1,0
4750,475,10,0,45
